optionid,productid,catalogid,category_id,featurecaption,featuretype,featurerequired,sorting,url,info,featureid,featurename,featureprice,sorting,partnumber,imagepath,selected,hidden,optcatalogid,qty,thumbpath,colorcode
34,PTAR324-4,75,0,Hard Drive Size,Dropdown,1,0,,,120,No Hard Drive,-80,0,#NAME?,,0,0,0,1,,
,,,,,,,,,,122,1 TB Hard Drive Installed,0,1,+1TB,,1,0,0,1,,
,,,,,,,,,,123,2 TB Hard Drive Installed,30,2,+2TB,,0,0,0,1,,
,,,,,,,,,,7342,4 TB Hard Drive Installed,120,3,+4TB,,0,0,0,1,,
35,PTAR324-8,76,0,Hard Drive Size,Dropdown,1,0,,,124,No Hard Drive,-110,0,#NAME?,,0,0,0,1,,
,,,,,,,,,,126,1 TB Hard Drive Installed,-30,1,+1TB,,0,0,0,1,,
,,,,,,,,,,127,2 TB Hard Drive Installed,0,2,+2TB,,1,0,0,1,,
,,,,,,,,,,128,4 TB Hard Drive Installed,90,3,+4TB,,0,0,0,1,,
,,,,,,,,,,129,6 TB Hard Drive Installed,190,4,+6TB,,0,0,0,1,,
36,PTAR324-16,77,0,Hard Drive Size,Dropdown,1,0,,,130,No Hard Drive,-150,0,#NAME?,,0,0,0,1,,
,,,,,,,,,,132,1 TB Hard Drive Installed,-70,1,+1TB,,0,0,0,1,,
,,,,,,,,,,133,2 TB Hard Drive Installed,-40,2,+2TB,,0,0,0,1,,
,,,,,,,,,,134,4 TB Hard Drive Installed,50,4,+4TB,,0,0,0,1,,
,,,,,,,,,,135,6 TB Hard Drive Installed,150,5,+6TB,,0,0,0,1,,
,,,,,,,,,,7343,3 TB Hard Drive Installed,0,3,+3TB,,1,0,0,1,,
,,,,,,,,,,7344,12 TB Hard Drives Installed,450,6,+12TB,,0,0,0,1,,
1428,HD-206,98,0,Cable Lengths,Radio,1,2,,,5998,No Cable,0,0,,,1,0,0,1,,
,,,,,,,,,,5999,1000' Box CAT-5 Cable w/RJ-45 Connectors,85,1,0,,0,0,0,1,,
1426,HD-206,98,0,Cameras,DropImage,1,0,,,5989,2 x HD-5217 1080P Weatherproof Bullet Cameras with IR,0,0,#NAME?,assets/images/Products/Cameras/HDB-5212/HDB-5212-2_thumb.jpg,1,0,0,1,,
,,,,,,,,,,5990,2 x HD-4217 1080P MicroDomes,0,1,#NAME?,assets/images/Products/Cameras/HD-4110/HD-4110_1_500x333.jpg,0,0,0,1,,
,,,,,,,,,,5991,2 x HD-8217 1080P Turret Cameras with Infrared,40,2,#NAME?,assets/images/Products/Cameras/HD-IP/TH.jpg,0,0,0,1,,
1429,HD-206,98,0,PoE Switch,Radio,1,3,,,6000,4-Port PoE Switch (100Mbps),0,0,,,1,0,0,1,,
,,,,,,,,,,6001,4-Port PoE Switch (1Gbps),50,1,#NAME?,,0,0,0,1,,
1427,HD-206,98,0,Recording,DropImage,1,1,,,5992,AVM Lite Software (7-Days Rolling Recording),0,0,,assets/images/Products/AVM/Video_DVD_250x250.jpg,1,0,0,1,,
,,,,,,,,,,5993,AVM Software (4-IP Licenses),200,1,0,assets/images/Products/AVM/Video_DVD_250x250.jpg,0,0,0,1,,
,,,,,,,,,,5994,MicroNVR (2TB) + 4 Licenses,1299,3,#NAME?,assets/images/Products/PCs/MicroNVR.jpg,0,0,0,1,,
,,,,,,,,,,5995,MicroNVR (4TB) + 4 Licenses,1399,4,#NAME?,assets/images/Products/PCs/micronvr_thumbnail.jpg,0,0,0,1,,
,,,,,,,,,,5996,MicroNVR Platinum (4TB) + 4 Licenses,1799,5,#NAME?,assets/images/Products/PCs/hdvr_1_thumbnail.jpg,0,0,0,1,,
,,,,,,,,,,5997,MicroNVR (1TB) + 4 Licenses,1199,2,#NAME?,assets/images/Products/PCs/MicroNVR.jpg,0,0,0,1,,
1440,HD-406,99,0,Cable Lengths,Radio,1,2,,,6046,No Cable,0,0,,,1,0,0,1,,
,,,,,,,,,,6047,1000' Box CAT-5 Cable w/RJ-45 Connectors,85,1,0,,0,0,0,1,,
1438,HD-406,99,0,Cameras,DropImage,1,0,,,6037,4 x HDB-5217 1080P IR Bullet Cameras,0,0,#NAME?,assets/images/Products/Cameras/HD-IP/BH.jpg,1,0,0,1,,
,,,,,,,,,,6038,4 x HD-4217 1080P MicroDomes,0,1,#NAME?,assets/images/Products/Cameras/HD-IP/IH.jpg,0,0,0,1,,
,,,,,,,,,,6039,4 x HD-8217 1080P Turret Cameras,80,2,#NAME?,assets/images/Products/Cameras/HD-8x17/HD-8x17_1.jpg,0,0,0,1,,
1441,HD-406,99,0,PoE Switch,Radio,1,3,,,6048,4-Port PoE Switch (100Mbps),0,0,,,0,0,0,1,,
,,,,,,,,,,6049,4-Port PoE Switch (1Gbps),50,1,#NAME?,,0,0,0,1,,
1439,HD-406,99,0,Recording,DropImage,1,1,,,6040,AVM Lite Software (7-Days Rolling Recording),0,0,,assets/images/Products/AVM/Video_DVD_250x250.jpg,1,0,0,1,,
,,,,,,,,,,6041,AVM Software (4-IP Licenses),200,1,0,assets/images/Products/AVM/Video_DVD_250x250.jpg,0,0,0,1,,
,,,,,,,,,,6042,MicroNVR (1TB) + 4 Licenses,1199,2,#NAME?,assets/images/Products/PCs/MicroNVR.jpg,0,0,0,1,,
,,,,,,,,,,6043,MicroNVR (2TB) + 4 Licenses,1299,3,#NAME?,assets/images/Products/PCs/MicroNVR.jpg,0,0,0,1,,
,,,,,,,,,,6044,MicroNVR (4TB) + 4 Licenses,1399,4,#NAME?,assets/images/Products/PCs/micronvr_thumbnail.jpg,0,0,0,1,,
,,,,,,,,,,6045,MicroNVR Platinum (4TB) + 4 Licenses,1799,5,#NAME?,assets/images/Products/PCs/hdvr_1_thumbnail.jpg,0,0,0,1,,
1516,HD-806,100,0,Cable Lengths,Radio,1,2,,,6462,No Cable,0,0,,,1,0,0,1,,
,,,,,,,,,,6463,1000' Box CAT-5 Cable w/RJ-45 Connectors,85,1,0,,0,0,0,1,,
1514,HD-806,100,0,Cameras,DropImage,1,0,,,6445,8 x HDB-5217 1080P HD IR Bullet Cameras,0,0,#NAME?,assets/images/Products/Cameras/HD-IP/BH.jpg,1,0,0,1,,
,,,,,,,,,,6446,8 x HD-4217 1080P MicroDomes,0,1,#NAME?,assets/images/Products/Cameras/HD-IP/IH.jpg,0,0,0,1,,
,,,,,,,,,,6447,2 x HD-4217 Domes + 6 x HD-5217 Bullets,0,8,#NAME?,assets/images/Products/Cameras/HD-IP/IHBH.jpg,0,0,0,1,,
,,,,,,,,,,6448,2 x HD-4217 Domes + 6 x HD-8217 Turrets,120,7,#NAME?,assets/images/Products/Cameras/HD-IP/IHTH.jpg,0,0,0,1,,
,,,,,,,,,,6449,4 x HD-4217 Domes + 4 x HD-5217 Bullets,0,6,#NAME?,assets/images/Products/Cameras/HD-IP/IHBH.jpg,0,0,0,1,,
,,,,,,,,,,6450,4 x HD-4217 Domes + 4 x HD-8217 Turrets,80,5,#NAME?,assets/images/Products/Cameras/HD-IP/IHTH.jpg,0,0,0,1,,
,,,,,,,,,,6451,6 x HD-4217 Domes + 2 x HDB-5217 1080P Bullets,0,4,#NAME?,assets/images/Products/Cameras/HD-IP/IHBH.jpg,0,0,0,1,,
,,,,,,,,,,6452,6 x HD-4217 Domes + 2 x HD-8217 Turrets,40,3,#NAME?,assets/images/Products/Cameras/HD-IP/IHTH.jpg,0,0,0,1,,
,,,,,,,,,,6453,8 x HD-8217 1080P Turret Cameras,160,2,#NAME?,assets/images/Products/Cameras/HD-IP/TH.jpg,0,0,0,1,,
1517,HD-806,100,0,PoE Switch,Radio,1,3,,,6464,2 x 4-Port PoE Switch (100Mbps),0,0,,,0,0,0,1,,
,,,,,,,,,,6465,2 x 4-Port PoE Switch (1Gbps),100,1,#NAME?,,0,0,0,1,,
1515,HD-806,100,0,Recording,DropImage,1,1,,,6454,AVM Software (8-IP Licenses),0,0,,assets/images/Products/AVM/Video_DVD_250x250.jpg,1,0,0,1,,
,,,,,,,,,,6455,MicroNVR (1TB),1199,1,#NAME?,assets/images/Products/PCs/MicroNVR.jpg,0,0,0,1,,
,,,,,,,,,,6456,MicroNVR (2TB),1299,2,#NAME?,assets/images/Products/PCs/MicroNVR.jpg,0,0,0,1,,
,,,,,,,,,,6457,MicroNVR (4TB),1399,3,#NAME?,assets/images/Products/PCs/micronvr_thumbnail.jpg,0,0,0,1,,
,,,,,,,,,,6458,Rack Mount PlatinumNVR (16TB),2399,6,#NAME?,assets/images/Products/PCs/hdvr_1_thumbnail.jpg,0,0,0,1,,
,,,,,,,,,,6459,Rack Mount PlatinumNVR (24TB),2799,7,#NAME?,assets/images/Products/PCs/hdvr_1_thumbnail.jpg,0,0,0,1,,
,,,,,,,,,,6460,Rack Mount PlatinumNVR (4TB),1799,4,#NAME?,assets/images/Products/PCs/hdvr_1_thumbnail.jpg,0,0,0,1,,
,,,,,,,,,,6461,Rack Mount PlatinumNVR (8TB),1999,5,#NAME?,assets/images/Products/PCs/hdvr_1_thumbnail.jpg,0,0,0,1,,
1500,HD-1206,101,0,Cable Lengths,Radio,1,2,,,6355,No Cable,0,0,,,1,0,0,1,,
,,,,,,,,,,6356,1000' Box CAT-5 Cable w/RJ-45 Connectors,85,1,0,,0,0,0,1,,
1498,HD-1206,101,0,Cameras,DropImage,1,0,,,6334,12 x HD-5217 HD 1080P Bullet Cameras,0,0,#NAME?,assets/images/Products/Cameras/HD-IP/BH.jpg,1,0,0,1,,
,,,,,,,,,,6335,12 x HD-4217 1080P MicroDomes,0,1,#NAME?,assets/images/Products/Cameras/HD-IP/IH.jpg,0,0,0,1,,
,,,,,,,,,,6336,10 x HD-4217 Domes + 2 x HD-5217 Bullets,0,8,#NAME?,assets/images/Products/Cameras/HD-IP/IHBH.jpg,0,0,0,1,,
,,,,,,,,,,6337,10 x HD-4217 Domes + 2 x HD-8217 Turrets,40,3,#NAME?,assets/images/Products/Cameras/HD-IP/IHTH.jpg,0,0,0,1,,
,,,,,,,,,,6338,2 x HD-4217 Domes + 10 x HD-5217 Bullets,0,12,#NAME?,assets/images/Products/Cameras/HD-IP/IHBH.jpg,0,0,0,1,,
,,,,,,,,,,6339,2 x HD-4217 Domes + 10 x HD-8217 Turrets,200,7,#NAME?,assets/images/Products/Cameras/HD-IP/IHTH.jpg,0,0,0,1,,
,,,,,,,,,,6340,4 x HD-4217 Domes + 8 x HD-5217 Bullets,0,11,#NAME?,assets/images/Products/Cameras/HD-IP/IHBH.jpg,0,0,0,1,,
,,,,,,,,,,6341,4 x HD-4217 Domes + 8 x HD-8217 Turrets,160,6,#NAME?,assets/images/Products/Cameras/HD-IP/IHTH.jpg,0,0,0,1,,
,,,,,,,,,,6342,6 x HD-4217 Domes + 6 x HD-5217 Bullets,0,10,#NAME?,assets/images/Products/Cameras/HD-IP/IHBH.jpg,0,0,0,1,,
,,,,,,,,,,6343,6 x HD-4217 Domes + 6 x HD-8217 Turrets,120,5,#NAME?,assets/images/Products/Cameras/HD-IP/IHTH.jpg,0,0,0,1,,
,,,,,,,,,,6344,8 x HD-4217 Domes + 4 x HD-5217 Bullets,0,9,#NAME?,assets/images/Products/Cameras/HD-IP/IHBH.jpg,0,0,0,1,,
,,,,,,,,,,6345,8 x HD-4217 Domes + 4 x HD-8217 Turrets,80,4,#NAME?,assets/images/Products/Cameras/HD-IP/IHTH.jpg,0,0,0,1,,
,,,,,,,,,,6346,12 x HD-8217 1080P Turret Cameras,240,2,#NAME?,assets/images/Products/Cameras/HD-IP/TH.jpg,0,0,0,1,,
1501,HD-1206,101,0,PoE Switch,Radio,1,3,,,6357,3 x 4-Port PoE Switch (100Mbps),0,0,,,0,0,0,1,,
,,,,,,,,,,6358,3 x 4-Port PoE Switch (1Gbps),150,1,#NAME?,,0,0,0,1,,
1499,HD-1206,101,0,Recording,DropImage,1,1,,,6347,AVM Software (12-IP Licenses),0,0,,assets/images/Products/AVM/Video_DVD_250x250.jpg,1,0,0,1,,
,,,,,,,,,,6348,MicroNVR (2TB),1299,2,#NAME?,assets/images/Products/PCs/MicroNVR.jpg,0,0,0,1,,
,,,,,,,,,,6349,MicroNVR (4TB),1399,3,#NAME?,assets/images/Products/PCs/micronvr_thumbnail.jpg,0,0,0,1,,
,,,,,,,,,,6350,Rack Mount PlatinumNVR (16TB),2399,6,#NAME?,assets/images/Products/PCs/hdvr_1_thumbnail.jpg,0,0,0,1,,
,,,,,,,,,,6351,Rack Mount PlatinumNVR (24TB),2799,7,#NAME?,assets/images/Products/PCs/hdvr_1_thumbnail.jpg,0,0,0,1,,
,,,,,,,,,,6352,Rack Mount PlatinumNVR (32TB),3199,8,#NAME?,assets/images/Products/PCs/hdvr_1_thumbnail.jpg,0,0,0,1,,
,,,,,,,,,,6353,Rack Mount PlatinumNVR (4TB),1799,4,#NAME?,assets/images/Products/PCs/hdvr_1_thumbnail.jpg,0,0,0,1,,
,,,,,,,,,,6354,Rack Mount PlatinumNVR (8TB),1999,5,#NAME?,assets/images/Products/PCs/hdvr_1_thumbnail.jpg,0,0,0,1,,
1496,HD-1606,102,0,Cable Lengths,Radio,1,2,,,6326,No Cable,0,0,,,1,0,0,1,,
,,,,,,,,,,6327,1000' Box CAT-5 Cable w/RJ-45 Connectors,85,1,0,,0,0,0,1,,
1494,HD-1606,102,0,Cameras,DropImage,1,0,,,6303,16 x HD-5217 1080P IR Bullets,0,0,#NAME?,assets/images/Products/Cameras/HD-IP/BH.jpg,1,0,0,1,,
,,,,,,,,,,6304,16 x HD-4217 1080P MicroDomes,0,1,#NAME?,assets/images/Products/Cameras/HD-IP/IH.jpg,0,0,0,1,,
,,,,,,,,,,6305,12 x HD-4217 Domes + 4 x HD-5217 Bullets,0,10,#NAME?,assets/images/Products/Cameras/HD-IP/IHBH.jpg,0,0,0,1,,
,,,,,,,,,,6306,12 x HD-4217 Domes + 4 x HD-8217 Turrets,80,4,#NAME?,assets/images/Products/Cameras/HD-IP/IHTH.jpg,0,0,0,1,,
,,,,,,,,,,6307,14 x HD-4217 Domes + 2 x HD-5217 Bullets,0,9,#NAME?,assets/images/Products/Cameras/HD-IP/IHBH.jpg,0,0,0,1,,
,,,,,,,,,,6308,14 x HD-4217 Domes + 2 x HD-8217 Turrets,40,3,#NAME?,assets/images/Products/Cameras/HD-IP/IHTH.jpg,0,0,0,1,,
,,,,,,,,,,6309,2 x HD-4217 Domes + 14 x HD-5217 Bullets,0,14,#NAME?,assets/images/Products/Cameras/HD-IP/IHBH.jpg,0,0,0,1,,
,,,,,,,,,,6310,2 x HD-4217 Domes + 14 x HD-8217 Turrets,280,8,#NAME?,assets/images/Products/Cameras/HD-IP/IHTH.jpg,0,0,0,1,,
,,,,,,,,,,6311,4 x HD-4217 Domes + 12 x HD-5217 Bullets,0,13,#NAME?,assets/images/Products/Cameras/HD-IP/IHBH.jpg,0,0,0,1,,
,,,,,,,,,,6312,4 x HD-4217 Domes + 12 x HD-8217 Turrets,240,7,#NAME?,assets/images/Products/Cameras/HD-IP/IHTH.jpg,0,0,0,1,,
,,,,,,,,,,6313,6 x HD-4217 Domes + 10 x HD-5217 Bullets,0,12,#NAME?,assets/images/Products/Cameras/HD-IP/IHBH.jpg,0,0,0,1,,
,,,,,,,,,,6314,6 x HD-4217 Domes + 10 x HD-8217 Turrets,200,6,#NAME?,assets/images/Products/Cameras/HD-IP/IHTH.jpg,0,0,0,1,,
,,,,,,,,,,6315,8 x HD-4217 Domes + 8 x HD-5217 Bullets,0,11,#NAME?,assets/images/Products/Cameras/HD-IP/IHBH.jpg,0,0,0,1,,
,,,,,,,,,,6316,8 x HD-4217 Domes + 8 x HD-8217 Turrets,160,5,#NAME?,assets/images/Products/Cameras/HD-IP/IHTH.jpg,0,0,0,1,,
,,,,,,,,,,6317,16 x HD-8217 1080P Turrets,320,2,#NAME?,assets/images/Products/Cameras/HD-IP/TH.jpg,0,0,0,1,,
1497,HD-1606,102,0,PoE Switch,Radio,1,3,,,6328,4 x 4-Port PoE Switch (100Mbps),0,0,,,0,0,0,1,,
,,,,,,,,,,6329,4 x 4-Port PoE Switch (1Gbps),200,1,#NAME?,,0,0,0,1,,
1495,HD-1606,102,0,Recording,DropImage,1,1,,,6318,AVM Software (16-IP Licenses),0,1,,assets/images/Products/AVM/Video_DVD_250x250.jpg,1,0,0,1,,
,,,,,,,,,,6319,MicroNVR (2TB),1299,3,#NAME?,assets/images/Products/PCs/MicroNVR.jpg,0,0,0,1,,
,,,,,,,,,,6320,MicroNVR (4TB),1399,4,#NAME?,assets/images/Products/PCs/micronvr_thumbnail.jpg,0,0,0,1,,
,,,,,,,,,,6321,Rack Mount PlatinumNVR (16TB),2399,7,#NAME?,assets/images/Products/PCs/hdvr_1_thumbnail.jpg,0,0,0,1,,
,,,,,,,,,,6322,Rack Mount PlatinumNVR (24TB),2799,8,#NAME?,assets/images/Products/PCs/hdvr_1_thumbnail.jpg,0,0,0,1,,
,,,,,,,,,,6323,Rack Mount PlatinumNVR (32TB),3199,9,#NAME?,assets/images/Products/PCs/hdvr_1_thumbnail.jpg,0,0,0,1,,
,,,,,,,,,,6324,Rack Mount PlatinumNVR (4TB),1799,5,#NAME?,assets/images/Products/PCs/hdvr_1_thumbnail.jpg,0,0,0,1,,
,,,,,,,,,,6325,Rack Mount PlatinumNVR (8TB),1999,6,#NAME?,assets/images/Products/PCs/hdvr_1_thumbnail.jpg,0,0,0,1,,
261,NETCAM,104,0,Number of IP Licenses,Dropdown,1,0,,,1145,16 IP Camera Licenses,1200,12,-16,,0,0,0,1,,
,,,,,,,,,,1146,17 IP Camera Licenses,1300,13,-17,,0,0,0,1,,
,,,,,,,,,,1147,18 IP Camera Licenses,1400,14,-18,,0,0,0,1,,
,,,,,,,,,,1148,19 IP Camera Licenses,1500,15,-19,,0,0,0,1,,
,,,,,,,,,,1149,20 IP Camera Licenses,1600,16,-20,,0,0,0,1,,
,,,,,,,,,,1150,21 IP Camera Licenses,1700,17,-21,,0,0,0,1,,
,,,,,,,,,,1151,22 IP Camera Licenses,1800,18,-22,,0,0,0,1,,
,,,,,,,,,,1152,23 IP Camera Licenses,1900,19,-23,,0,0,0,1,,
,,,,,,,,,,1153,24 IP Camera Licenses,2000,20,-24,,0,0,0,1,,
,,,,,,,,,,1154,25 IP Camera Licenses,2100,21,-25,,0,0,0,1,,
,,,,,,,,,,1155,26 IP Camera Licenses,2200,22,-26,,0,0,0,1,,
,,,,,,,,,,1156,27 IP Camera Licenses,2300,23,-27,,0,0,0,1,,
,,,,,,,,,,1157,28 IP Camera Licenses,2400,24,-28,,0,0,0,1,,
,,,,,,,,,,1158,29 IP Camera Licenses,2500,25,-29,,0,0,0,1,,
,,,,,,,,,,1159,30 IP Camera Licenses,2600,26,-30,,0,0,0,1,,
,,,,,,,,,,1160,31 IP Camera Licenses,2700,27,-31,,0,0,0,1,,
,,,,,,,,,,1161,32 IP Camera Licenses,2800,28,-32,,0,0,0,1,,
,,,,,,,,,,1144,15 IP Camera Licenses,1100,11,-15,,0,0,0,1,,
,,,,,,,,,,1143,14 IP Camera Licenses,1000,10,-14,,0,0,0,1,,
,,,,,,,,,,1142,13 IP Camera Licenses,900,9,-13,,0,0,0,1,,
,,,,,,,,,,1141,12 IP Camera Licenses,800,8,-12,,0,0,0,1,,
,,,,,,,,,,1140,11 IP Camera Licenses,700,7,-11,,0,0,0,1,,
,,,,,,,,,,1139,10 IP Camera Licenses,600,6,-10,,0,0,0,1,,
,,,,,,,,,,1138,9 IP Camera Licenses,500,5,-9,,0,0,0,1,,
,,,,,,,,,,1137,8 IP Camera Licenses,400,4,-8,,0,0,0,1,,
,,,,,,,,,,1136,7 IP Camera Licenses,300,3,-7,,0,0,0,1,,
,,,,,,,,,,1135,6 IP Camera Licenses,200,2,-6,,0,0,0,1,,
,,,,,,,,,,1134,5 IP Camera Licenses,100,1,-5,,0,0,0,1,,
,,,,,,,,,,1133,4 IP Camera Licenses,0,0,-4,,1,0,0,1,,
1956,MicroNVR,105,0,CPU,Dropdown,1,0,,,9062,Intel i3 CPU ,0,0,0,,1,0,0,0,,
,,,,,,,,,,9063,Intel i5 CPU,185,1,0,,0,0,0,0,,
,,,,,,,,,,9064,Intel i7 CPU,485,2,0,,0,0,0,0,,
1954,MicroNVR,105,0,Hard Drive Size,Dropdown,1,3,,,9057,1 TB Hard Drive Installed,0,0,+1TB,,1,0,0,1,,
,,,,,,,,,,9058,2 TB Hard Drive Installed,75,1,+2TB,,0,0,0,1,,
,,,,,,,,,,9059,5 TB Hard Drive Installed,300,2,+5TB,,0,0,0,1,,
1955,MicroNVR,105,0,M2 Drive (OS Drive),Dropdown,1,2,,,9060,M.2 OS Drive,0,0,,,1,0,0,0,,
1953,MicroNVR,105,0,Number of IP Licenses,Dropdown,1,3,,,9035,4 IP Camera Licenses,0,0,-4,,1,0,0,1,,
,,,,,,,,,,9036,5 IP Camera Licenses,100,1,-5,,0,0,0,1,,
,,,,,,,,,,9037,6 IP Camera Licenses,200,2,-6,,0,0,0,1,,
,,,,,,,,,,9038,7 IP Camera Licenses,300,3,-7,,0,0,0,1,,
,,,,,,,,,,9039,8 IP Camera Licenses,400,4,-8,,0,0,0,1,,
,,,,,,,,,,9040,9 IP Camera Licenses,500,5,-9,,0,0,0,1,,
,,,,,,,,,,9041,10 IP Camera Licenses,600,6,-10,,0,0,0,1,,
,,,,,,,,,,9042,11 IP Camera Licenses,700,7,-11,,0,0,0,1,,
,,,,,,,,,,9043,12 IP Camera Licenses,800,8,-12,,0,0,0,1,,
,,,,,,,,,,9044,13 IP Camera Licenses,900,9,-13,,0,0,0,1,,
,,,,,,,,,,9045,14 IP Camera Licenses,1000,10,-14,,0,0,0,1,,
,,,,,,,,,,9046,15 IP Camera Licenses,1100,11,-15,,0,0,0,1,,
,,,,,,,,,,9047,16 IP Camera Licenses,1200,12,-16,,0,0,0,1,,
,,,,,,,,,,9048,17 IP Camera Licenses,1300,13,-17,,0,0,0,1,,
,,,,,,,,,,9049,18 IP Camera Licenses,1400,14,-18,,0,0,0,1,,
,,,,,,,,,,9050,19 IP Camera Licenses,1500,15,-19,,0,0,0,1,,
,,,,,,,,,,9051,20 IP Camera Licenses,1600,16,-20,,0,0,0,1,,
,,,,,,,,,,9052,21 IP Camera Licenses,1700,17,-21,,0,0,0,1,,
,,,,,,,,,,9053,22 IP Camera Licenses,1800,18,-22,,0,0,0,1,,
,,,,,,,,,,9054,23 IP Camera Licenses,1900,19,-23,,0,0,0,1,,
,,,,,,,,,,9055,24 IP Camera Licenses,2000,20,-24,,0,0,0,1,,
,,,,,,,,,,9056,No IP Licenses Needed,-200,21,#NAME?,,0,0,0,0,,
1957,MicroNVR,105,0,RAM,Dropdown,1,1,,,9065,8GB DDR4 RAM,0,0,+8GB,,1,0,0,0,,
,,,,,,,,,,9066,16GB DDR4 RAM,65,1,+16GB,,0,0,0,0,,
1981,PlatinumNVR,109,0,CPU,Dropdown,1,0,,,9390,Intel i5 CPU,0,0,0,,1,0,0,0,,
,,,,,,,,,,9391,Intel i7 CPU,315,1,0,,0,0,0,0,,
1980,PlatinumNVR,109,0,Hard Drive Size,Dropdown,1,1,,,9386,4 TB Hard Drives + M.2 OS Drive,0,2,+4TB,,1,0,0,1,,
,,,,,,,,,,9387,8 TB Hard Drives + M.2 OS Drive,250,3,+8TB,,0,0,0,1,,
,,,,,,,,,,9388,16 TB Hard Drives + M.2 OS Drive,550,4,+16TB,,0,0,0,1,,
,,,,,,,,,,9389,32 TB Hard Drives + M.2 OS Drive,1250,5,+32TB,,0,0,0,1,,
,,,,,,,,,,9890,48 TB Hard Drives + M.2 OS Drive,1950,6,+48TB,,0,0,0,0,,
,,,,,,,,,,9891,64 TB Hard Drives + M.2 OS Drive,2650,7,+64TB,,0,0,0,0,,
1979,PlatinumNVR,109,0,Number of IP Licenses,Dropdown,1,4,,,9337,4 IP Camera Licenses,0,0,-4,,1,0,0,1,,
,,,,,,,,,,9338,5 IP Camera Licenses,100,1,-5,,0,0,0,1,,
,,,,,,,,,,9339,6 IP Camera Licenses,200,2,-6,,0,0,0,1,,
,,,,,,,,,,9340,7 IP Camera Licenses,300,3,-7,,0,0,0,1,,
,,,,,,,,,,9341,8 IP Camera Licenses,400,4,-8,,0,0,0,1,,
,,,,,,,,,,9342,9 IP Camera Licenses,500,5,-9,,0,0,0,1,,
,,,,,,,,,,9343,10 IP Camera Licenses,600,6,-10,,0,0,0,1,,
,,,,,,,,,,9344,11 IP Camera Licenses,700,7,-11,,0,0,0,1,,
,,,,,,,,,,9345,12 IP Camera Licenses,800,8,-12,,0,0,0,1,,
,,,,,,,,,,9346,13 IP Camera Licenses,900,9,-13,,0,0,0,1,,
,,,,,,,,,,9347,14 IP Camera Licenses,1000,10,-14,,0,0,0,1,,
,,,,,,,,,,9348,15 IP Camera Licenses,1100,11,-15,,0,0,0,1,,
,,,,,,,,,,9349,16 IP Camera Licenses,1200,12,-16,,0,0,0,1,,
,,,,,,,,,,9350,17 IP Camera Licenses,1300,13,-17,,0,0,0,1,,
,,,,,,,,,,9351,18 IP Camera Licenses,1400,14,-18,,0,0,0,1,,
,,,,,,,,,,9352,19 IP Camera Licenses,1500,15,-19,,0,0,0,1,,
,,,,,,,,,,9353,20 IP Camera Licenses,1600,16,-20,,0,0,0,1,,
,,,,,,,,,,9354,21 IP Camera Licenses,1700,17,-21,,0,0,0,1,,
,,,,,,,,,,9355,22 IP Camera Licenses,1800,18,-22,,0,0,0,1,,
,,,,,,,,,,9356,23 IP Camera Licenses,1900,19,-23,,0,0,0,1,,
,,,,,,,,,,9357,24 IP Camera Licenses,2000,20,-24,,0,0,0,1,,
,,,,,,,,,,9358,25 IP Camera Licenses,2100,21,-25,,0,0,0,1,,
,,,,,,,,,,9359,26 IP Camera Licenses,2200,22,-26,,0,0,0,1,,
,,,,,,,,,,9360,27 IP Camera Licenses,2300,23,-27,,0,0,0,1,,
,,,,,,,,,,9361,28 IP Camera Licenses,2400,24,-28,,0,0,0,1,,
,,,,,,,,,,9362,29 IP Camera Licenses,2500,25,-29,,0,0,0,1,,
,,,,,,,,,,9363,30 IP Camera Licenses,2600,26,-30,,0,0,0,1,,
,,,,,,,,,,9364,31 IP Camera Licenses,2700,27,-31,,0,0,0,1,,
,,,,,,,,,,9365,32 IP Camera Licenses,2800,28,-32,,0,0,0,1,,
,,,,,,,,,,9366,33 IP Camera Licenses,2900,29,-33,,0,0,0,0,,
,,,,,,,,,,9367,34 IP Camera Licenses,3000,30,-34,,0,0,0,0,,
,,,,,,,,,,9368,35 IP Camera Licenses,3100,31,-35,,0,0,0,0,,
,,,,,,,,,,9369,36 IP Camera Licenses,3200,32,-36,,0,0,0,0,,
,,,,,,,,,,9370,37 IP Camera Licenses,3300,33,-37,,0,0,0,0,,
,,,,,,,,,,9371,38 IP Camera Licenses,3400,34,-38,,0,0,0,0,,
,,,,,,,,,,9372,39 IP Camera Licenses,3500,35,-39,,0,0,0,0,,
,,,,,,,,,,9373,40 IP Camera Licenses,3600,36,-40,,0,0,0,0,,
,,,,,,,,,,9374,41 IP Camera Licenses,3700,37,-41,,0,0,0,0,,
,,,,,,,,,,9375,42 IP Camera Licenses,3800,38,-42,,0,0,0,0,,
,,,,,,,,,,9376,43 IP Camera Licenses,3900,39,-43,,0,0,0,0,,
,,,,,,,,,,9377,44 IP Camera Licenses,4000,40,-44,,0,0,0,0,,
,,,,,,,,,,9378,45 IP Camera Licenses,4100,41,-45,,0,0,0,0,,
,,,,,,,,,,9379,46 IP Camera Licenses,4200,42,-46,,0,0,0,0,,
,,,,,,,,,,9380,47 IP Camera Licenses,4300,43,-47,,0,0,0,0,,
,,,,,,,,,,9381,48 IP Camera Licenses,4400,44,-48,,0,0,0,0,,
,,,,,,,,,,9382,49 IP Camera Licenses,4500,45,-49,,0,0,0,0,,
,,,,,,,,,,9383,50 IP Camera Licenses,4600,46,-50,,0,0,0,0,,
,,,,,,,,,,9892,No IP Licenses,-200,47,#NAME?,,0,0,0,0,,
1982,PlatinumNVR,109,0,RAM,Dropdown,1,1,,,9392,8GB DDR4 RAM Installed,0,0,+8GB,,1,0,0,0,,
,,,,,,,,,,9393,16GB DDR4 RAM Installed,110,1,+16GB,,0,0,0,0,,
,,,,,,,,,,9394,32GB DDR4 RAM Installed,275,2,+32GB,,0,0,0,0,,
318,ADDIPs,163,0,Number of IP Licenses,Dropdown,1,0,,,1726,Add 1 IP Camera License,0,0,1,,1,0,0,1,,
,,,,,,,,,,1727,Add 2 IP Camera License,100,1,2,,0,0,0,1,,
,,,,,,,,,,1728,Add 3 IP Camera License,200,2,3,,0,0,0,1,,
,,,,,,,,,,1729,Add 4 IP Camera License,300,3,4,,0,0,0,1,,
,,,,,,,,,,1730,Add 5 IP Camera License,400,4,5,,0,0,0,1,,
,,,,,,,,,,1731,Add 6 IP Camera License,500,5,6,,0,0,0,1,,
,,,,,,,,,,1732,Add 7 IP Camera License,600,6,7,,0,0,0,1,,
,,,,,,,,,,1733,Add 8 IP Camera License,700,7,8,,0,0,0,1,,
,,,,,,,,,,1734,Add 9 IP Camera License,800,8,9,,0,0,0,1,,
,,,,,,,,,,1735,Add 10 IP Camera License,900,9,10,,0,0,0,1,,
,,,,,,,,,,1736,Add 11 IP Camera License,1000,10,11,,0,0,0,1,,
,,,,,,,,,,1737,Add 12 IP Camera License,1100,11,12,,0,0,0,1,,
,,,,,,,,,,1738,Add 13 IP Camera License,1200,12,13,,0,0,0,1,,
,,,,,,,,,,1739,Add 14 IP Camera License,1300,13,14,,0,0,0,1,,
,,,,,,,,,,1740,Add 15 IP Camera License,1400,14,15,,0,0,0,1,,
,,,,,,,,,,1741,Add 16 IP Camera License,1500,15,16,,0,0,0,1,,
,,,,,,,,,,1742,Add 17 IP Camera License,1600,16,17,,0,0,0,1,,
,,,,,,,,,,1743,Add 18 IP Camera License,1700,17,18,,0,0,0,1,,
,,,,,,,,,,1744,Add 19 IP Camera License,1800,18,19,,0,0,0,1,,
,,,,,,,,,,1745,Add 20 IP Camera License,1900,19,20,,0,0,0,1,,
,,,,,,,,,,1746,Add 21 IP Camera License,2000,20,21,,0,0,0,1,,
,,,,,,,,,,1747,Add 22 IP Camera License,2100,21,22,,0,0,0,1,,
,,,,,,,,,,1748,Add 23 IP Camera License,2200,22,23,,0,0,0,1,,
,,,,,,,,,,1749,Add 24 IP Camera License,2300,23,24,,0,0,0,1,,
,,,,,,,,,,1750,Add 25 IP Camera License,2400,24,25,,0,0,0,1,,
,,,,,,,,,,1751,Add 26 IP Camera License,2500,25,26,,0,0,0,1,,
,,,,,,,,,,1752,Add 27 IP Camera License,2600,26,27,,0,0,0,1,,
,,,,,,,,,,1753,Add 28 IP Camera License,2700,27,28,,0,0,0,1,,
422,AN-ADDIPs,164,0,Add IP Camera Licenses,Dropdown,0,2,,,1998,Add 4 IP Camera Licenses for HD IP Cameras,0,0,+4IP,,1,0,0,1,,
,,,,,,,,,,1999,Add 8 IP Camera Licenses for HD IP Cameras,400,1,+8IP,,0,0,0,1,,
,,,,,,,,,,2000,Add 12 IP Camera Licenses for HD IP Cameras,800,2,+12IP,,0,0,0,1,,
,,,,,,,,,,2001,Add 16 IP Camera Licenses for HD IP Cameras,1200,3,+16IP,,0,0,0,1,,
1958,dMicroNVR,237,0,CPU,Dropdown,1,0,,,9067,Intel i3 CPU,0,0,0,,1,0,0,1,,
,,,,,,,,,,9068,Intel i5 CPU,160,1,0,,0,0,0,1,,
,,,,,,,,,,9069,Intel i7 CPU,585,2,0,,0,0,0,1,,
1961,dMicroNVR,237,0,Hard Drive Size,Dropdown,1,4,,,9074,1 TB Hard Drive Installed,0,0,+1TB,,1,0,0,1,,
,,,,,,,,,,9075,2 TB Hard Drive Installed,55,1,+2TB,,0,0,0,1,,
,,,,,,,,,,9076,5 TB Hard Drive Installed ,285,2,+5TB,,0,0,0,1,,
1963,dMicroNVR,237,0,M2 OS Drive,Dropdown,1,1,,,9099,M.2 OS Drive,0,0,,,1,0,0,0,,
1962,dMicroNVR,237,0,Number of IP Licenses,Dropdown,1,10,,,9077,10 IP Camera Licenses,420,6,-10,,0,0,0,1,,
,,,,,,,,,,9078,11 IP Camera Licenses,490,7,-11,,0,0,0,1,,
,,,,,,,,,,9079,12 IP Camera Licenses,560,8,-12,,0,0,0,1,,
,,,,,,,,,,9080,13 IP Camera Licenses,630,9,-13,,0,0,0,1,,
,,,,,,,,,,9081,14 IP Camera Licenses,700,10,-14,,0,0,0,1,,
,,,,,,,,,,9082,15 IP Camera Licenses,770,11,-15,,0,0,0,1,,
,,,,,,,,,,9083,16 IP Camera Licenses,840,12,-16,,0,0,0,1,,
,,,,,,,,,,9084,17 IP Camera Licenses,910,13,-17,,0,0,0,1,,
,,,,,,,,,,9085,18 IP Camera Licenses,980,14,-18,,0,0,0,1,,
,,,,,,,,,,9086,19 IP Camera Licenses,1050,15,-19,,0,0,0,1,,
,,,,,,,,,,9087,20 IP Camera Licenses,1120,16,-20,,0,0,0,1,,
,,,,,,,,,,9088,21 IP Camera Licenses,1190,17,-21,,0,0,0,1,,
,,,,,,,,,,9089,22 IP Camera Licenses,1260,18,-22,,0,0,0,1,,
,,,,,,,,,,9090,23 IP Camera Licenses,1330,19,-23,,0,0,0,1,,
,,,,,,,,,,9091,24 IP Camera Licenses,1400,20,-24,,0,0,0,1,,
,,,,,,,,,,9092,4 IP Camera Licenses,0,0,-4,,1,0,0,1,,
,,,,,,,,,,9093,5 IP Camera Licenses,70,1,-5,,0,0,0,1,,
,,,,,,,,,,9094,6 IP Camera Licenses,140,2,-6,,0,0,0,1,,
,,,,,,,,,,9095,7 IP Camera Licenses,210,3,-7,,0,0,0,1,,
,,,,,,,,,,9096,8 IP Camera Licenses,280,4,-8,,0,0,0,1,,
,,,,,,,,,,9097,9 IP Camera Licenses,350,5,-9,,0,0,0,1,,
,,,,,,,,,,9098,No IP Camera Licenses,-140,21,#NAME?,,0,0,0,1,,
1960,dMicroNVR,237,0,Operating System,Dropdown,1,2,,,9072,Windows 10 Embedded,0,0,#NAME?,,1,0,0,1,,
,,,,,,,,,,9073,No Operating System,-60,1,#NAME?,,0,0,0,1,,
1959,dMicroNVR,237,0,RAM,Dropdown,1,1,,,9070,16GB DDR RAM,85,1,+16GB,,0,0,0,1,,
,,,,,,,,,,9071,8GB DDR RAM,0,0,+8GB,,1,0,0,1,,
1548,dPlatinumNVR,238,0,CPU,Dropdown,1,0,,,6725,Intel i5 CPU,0,0,0,,1,0,0,1,,
,,,,,,,,,,6726,Intel i7 CPU,250,1,0,,0,0,0,1,,
1978,dPlatinumNVR,238,0,Hard Drive Size,Dropdown,1,3,,,9330,4 TB Hard Drives Installed + M.2 OS Drive,0,0,+4TB,,1,0,0,1,,
,,,,,,,,,,9331,8 TB Hard Drive Installed + M.2 OS Drive,185,1,+8TB,,0,0,0,1,,
,,,,,,,,,,9332,12 TB Hard Drive Installed + M.2 OS Drive,375,2,+12TB,,0,0,0,0,,
,,,,,,,,,,9333,16 TB Hard Drive Installed + M.2 OS Drive,500,3,16,,0,0,0,0,,
,,,,,,,,,,9334,32 TB Hard Drive Installed + M.2 OS Drive,1100,4,+32TB,,0,0,0,0,,
,,,,,,,,,,9335,48 TB Hard Drives Installed + M.2 OS Drive,1700,5,+48TB,,0,0,0,0,,
,,,,,,,,,,9336,64 TB Hard Drives Installed + M.2 OS Drive,2300,6,+64TB,,0,0,0,0,,
1977,dPlatinumNVR,238,0,Number of IP Licenses,Dropdown,1,4,,,9281,4 IP Camera Licenses,0,0,-4,,1,0,0,1,,
,,,,,,,,,,9282,5 IP Camera Licenses,70,1,-5,,0,0,0,1,,
,,,,,,,,,,9283,6 IP Camera Licenses,140,2,-6,,0,0,0,1,,
,,,,,,,,,,9284,7 IP Camera Licenses,210,3,-7,,0,0,0,1,,
,,,,,,,,,,9285,8 IP Camera Licenses,280,4,-8,,0,0,0,1,,
,,,,,,,,,,9286,9 IP Camera Licenses,350,5,-9,,0,0,0,1,,
,,,,,,,,,,9287,10 IP Camera Licenses,420,6,-10,,0,0,0,1,,
,,,,,,,,,,9288,11 IP Camera Licenses,490,7,-11,,0,0,0,1,,
,,,,,,,,,,9289,12 IP Camera Licenses,560,8,-12,,0,0,0,1,,
,,,,,,,,,,9290,13 IP Camera Licenses,630,9,-13,,0,0,0,1,,
,,,,,,,,,,9291,14 IP Camera Licenses,700,10,-14,,0,0,0,1,,
,,,,,,,,,,9292,15 IP Camera Licenses,770,11,-15,,0,0,0,1,,
,,,,,,,,,,9293,16 IP Camera Licenses,840,12,-16,,0,0,0,1,,
,,,,,,,,,,9294,17 IP Camera Licenses,910,13,-17,,0,0,0,1,,
,,,,,,,,,,9295,18 IP Camera Licenses,980,14,-18,,0,0,0,1,,
,,,,,,,,,,9296,19 IP Camera Licenses,1050,15,-19,,0,0,0,1,,
,,,,,,,,,,9297,20 IP Camera Licenses,1120,16,-20,,0,0,0,1,,
,,,,,,,,,,9298,21 IP Camera Licenses,1190,17,-21,,0,0,0,1,,
,,,,,,,,,,9299,22 IP Camera Licenses,1260,18,-22,,0,0,0,1,,
,,,,,,,,,,9300,23 IP Camera Licenses,1330,19,-23,,0,0,0,1,,
,,,,,,,,,,9301,24 IP Camera Licenses,1400,20,-24,,0,0,0,1,,
,,,,,,,,,,9302,25 IP Camera Licenses,1470,21,-25,,0,0,0,1,,
,,,,,,,,,,9303,26 IP Camera Licenses,1540,22,-26,,0,0,0,1,,
,,,,,,,,,,9304,27 IP Camera Licenses,1610,23,-27,,0,0,0,1,,
,,,,,,,,,,9305,28 IP Camera Licenses,1680,24,-28,,0,0,0,1,,
,,,,,,,,,,9306,29 IP Camera Licenses,1750,25,-29,,0,0,0,1,,
,,,,,,,,,,9307,30 IP Camera Licenses,1820,26,-30,,0,0,0,1,,
,,,,,,,,,,9308,31 IP Camera Licenses,1890,27,-31,,0,0,0,1,,
,,,,,,,,,,9309,32 IP Camera Licenses,1960,28,-32,,0,0,0,1,,
,,,,,,,,,,9310,33 IP Camera Licenses,2030,29,-33,,0,0,0,0,,
,,,,,,,,,,9311,34 IP Camera Licenses,2100,30,-34,,0,0,0,0,,
,,,,,,,,,,9312,35 IP Camera Licenses,2170,31,-35,,0,0,0,0,,
,,,,,,,,,,9313,36 IP Camera Licenses,2240,32,-36,,0,0,0,0,,
,,,,,,,,,,9314,37 IP Camera Licenses,2310,33,-37,,0,0,0,0,,
,,,,,,,,,,9315,38 IP Camera Licenses,2380,34,-38,,0,0,0,0,,
,,,,,,,,,,9316,39 IP Camera Licenses,2450,35,-39,,0,0,0,0,,
,,,,,,,,,,9317,40 IP Camera Licenses,2520,36,-40,,0,0,0,0,,
,,,,,,,,,,9318,41 IP Camera Licenses,2590,37,-41,,0,0,0,0,,
,,,,,,,,,,9319,42 IP Camera Licenses,2660,38,-42,,0,0,0,0,,
,,,,,,,,,,9320,43 IP Camera Licenses,2730,39,-43,,0,0,0,0,,
,,,,,,,,,,9321,44 IP Camera Licenses,2800,40,-44,,0,0,0,0,,
,,,,,,,,,,9322,45 IP Camera Licenses,2870,41,-45,,0,0,0,0,,
,,,,,,,,,,9323,46 IP Camera Licenses,2940,42,-46,,0,0,0,0,,
,,,,,,,,,,9324,47 IP Camera Licenses,3010,43,-47,,0,0,0,0,,
,,,,,,,,,,9325,48 IP Camera Licenses,3080,44,-48,,0,0,0,0,,
,,,,,,,,,,9326,49 IP Camera Licenses,3150,45,-49,,0,0,0,0,,
,,,,,,,,,,9327,50 IP Camera Licenses,3220,46,-50,,0,0,0,0,,
,,,,,,,,,,9893,NO IP Camera Licenses,-140,47,#NAME?,,0,0,0,0,,
1550,dPlatinumNVR,238,0,Operating System,Dropdown,1,3,,,6733,Windows 10 Embedded,0,0,#NAME?,,1,0,0,1,,
,,,,,,,,,,6734,No Operating System,-65,1,#NAME?,,0,0,0,1,,
1549,dPlatinumNVR,238,0,RAM,Dropdown,1,1,,,6728,8GB DDR RAM,0,0,+8GB,,1,0,0,1,,
,,,,,,,,,,6729,16GB DDR RAM,90,1,+16GB,,0,0,0,1,,
,,,,,,,,,,6731,32GB DDR RAM,220,2,+32GB,,0,0,0,1,,
854,dADDIPs,239,0,Number of IP Licenses,Dropdown,1,0,,,3805,Add 1 IP Camera License,0,0,1,,1,0,0,1,,
,,,,,,,,,,3806,Add 2 IP Camera License,70,1,2,,0,0,0,1,,
,,,,,,,,,,3807,Add 3 IP Camera License,140,2,3,,0,0,0,1,,
,,,,,,,,,,3808,Add 4 IP Camera License,210,3,4,,0,0,0,1,,
,,,,,,,,,,3809,Add 5 IP Camera License,280,4,5,,0,0,0,1,,
,,,,,,,,,,3810,Add 6 IP Camera License,350,5,6,,0,0,0,1,,
,,,,,,,,,,3811,Add 7 IP Camera License,420,6,7,,0,0,0,1,,
,,,,,,,,,,3812,Add 8 IP Camera License,490,7,8,,0,0,0,1,,
,,,,,,,,,,3813,Add 9 IP Camera License,560,8,9,,0,0,0,1,,
,,,,,,,,,,3814,Add 10 IP Camera License,630,9,10,,0,0,0,1,,
,,,,,,,,,,3815,Add 11 IP Camera License,700,10,11,,0,0,0,1,,
,,,,,,,,,,3816,Add 12 IP Camera License,770,11,12,,0,0,0,1,,
,,,,,,,,,,3817,Add 13 IP Camera License,840,12,13,,0,0,0,1,,
,,,,,,,,,,3818,Add 14 IP Camera License,910,13,14,,0,0,0,1,,
,,,,,,,,,,3819,Add 15 IP Camera License,980,14,15,,0,0,0,1,,
,,,,,,,,,,3820,Add 16 IP Camera License,1050,15,16,,0,0,0,1,,
,,,,,,,,,,3821,Add 17 IP Camera License,1120,16,17,,0,0,0,1,,
,,,,,,,,,,3822,Add 18 IP Camera License,1190,17,18,,0,0,0,1,,
,,,,,,,,,,3823,Add 19 IP Camera License,1260,18,19,,0,0,0,1,,
,,,,,,,,,,3824,Add 20 IP Camera License,1330,19,20,,0,0,0,1,,
,,,,,,,,,,3825,Add 21 IP Camera License,1400,20,21,,0,0,0,1,,
,,,,,,,,,,3826,Add 22 IP Camera License,1470,21,22,,0,0,0,1,,
,,,,,,,,,,3827,Add 23 IP Camera License,1540,22,23,,0,0,0,1,,
,,,,,,,,,,3828,Add 24 IP Camera License,1610,23,24,,0,0,0,1,,
,,,,,,,,,,3829,Add 25 IP Camera License,1680,24,25,,0,0,0,1,,
,,,,,,,,,,3830,Add 26 IP Camera License,1750,25,26,,0,0,0,1,,
,,,,,,,,,,3831,Add 27 IP Camera License,1820,26,27,,0,0,0,1,,
,,,,,,,,,,3832,Add 28 IP Camera License,1890,27,28,,0,0,0,1,,
856,dAN-ADDIPs,240,0,Add IP Camera Licenses,Dropdown,0,2,,,3837,Add 4 IP Camera Licenses for HD IP Cameras,0,0,+4IP,,1,0,0,1,,
,,,,,,,,,,3838,Add 8 IP Camera Licenses for HD IP Cameras,340,1,+8IP,,0,0,0,1,,
,,,,,,,,,,3839,Add 12 IP Camera Licenses for HD IP Cameras,680,2,+12IP,,0,0,0,1,,
,,,,,,,,,,3840,Add 16 IP Camera Licenses for HD IP Cameras,1020,3,+16IP,,0,0,0,1,,
879,dNETCAM,246,0,Number of IP Licenses,Dropdown,1,0,,,3971,4 IP Camera Licenses,0,0,-4,,1,0,0,1,,
,,,,,,,,,,3972,5 IP Camera Licenses,70,1,-5,,0,0,0,1,,
,,,,,,,,,,3973,6 IP Camera Licenses,140,2,-6,,0,0,0,1,,
,,,,,,,,,,3974,7 IP Camera Licenses,210,3,-7,,0,0,0,1,,
,,,,,,,,,,3975,8 IP Camera Licenses,280,4,-8,,0,0,0,1,,
,,,,,,,,,,3976,9 IP Camera Licenses,350,5,-9,,0,0,0,1,,
,,,,,,,,,,3977,10 IP Camera Licenses,420,6,-10,,0,0,0,1,,
,,,,,,,,,,3978,11 IP Camera Licenses,490,7,-11,,0,0,0,1,,
,,,,,,,,,,3979,12 IP Camera Licenses,560,8,-12,,0,0,0,1,,
,,,,,,,,,,3980,13 IP Camera Licenses,630,9,-13,,0,0,0,1,,
,,,,,,,,,,3981,14 IP Camera Licenses,700,10,-14,,0,0,0,1,,
,,,,,,,,,,3982,15 IP Camera Licenses,770,11,-15,,0,0,0,1,,
,,,,,,,,,,3983,16 IP Camera Licenses,840,12,-16,,0,0,0,1,,
,,,,,,,,,,3984,17 IP Camera Licenses,910,13,-17,,0,0,0,1,,
,,,,,,,,,,3985,18 IP Camera Licenses,980,14,-18,,0,0,0,1,,
,,,,,,,,,,3986,19 IP Camera Licenses,1050,15,-19,,0,0,0,1,,
,,,,,,,,,,3987,20 IP Camera Licenses,1120,16,-20,,0,0,0,1,,
,,,,,,,,,,3988,21 IP Camera Licenses,1190,17,-21,,0,0,0,1,,
,,,,,,,,,,3989,22 IP Camera Licenses,1260,18,-22,,0,0,0,1,,
,,,,,,,,,,3990,23 IP Camera Licenses,1330,19,-23,,0,0,0,1,,
,,,,,,,,,,3991,24 IP Camera Licenses,1400,20,-24,,0,0,0,1,,
,,,,,,,,,,3992,25 IP Camera Licenses,1470,21,-25,,0,0,0,1,,
,,,,,,,,,,3993,26 IP Camera Licenses,1540,22,-26,,0,0,0,1,,
,,,,,,,,,,3994,27 IP Camera Licenses,1610,23,-27,,0,0,0,1,,
,,,,,,,,,,3995,28 IP Camera Licenses,1680,24,-28,,0,0,0,1,,
,,,,,,,,,,3996,29 IP Camera Licenses,1750,25,-29,,0,0,0,1,,
,,,,,,,,,,3997,30 IP Camera Licenses,1820,26,-30,,0,0,0,1,,
,,,,,,,,,,3998,31 IP Camera Licenses,1890,27,-31,,0,0,0,1,,
,,,,,,,,,,3999,32 IP Camera Licenses,1960,28,-32,,0,0,0,1,,
1986,HD-4217,277,0,Edge Backup Recording,Dropdown,1,1,,,9404,No SD Card - No Backup Recording on Device,0,0,,,1,0,0,0,,
,,,,,,,,,,9405,256GB MicroSD Card for Backup/Edge Recording,85,1,+256GB,,0,0,0,0,,
1985,HD-4217,277,0,Mounting Bracket,Dropdown,0,0,,,9399,No Brackets Needed,0,0,,,1,0,0,1,,
,,,,,,,,,,9400,Wall Mount Bracket,85,1,#NAME?,,0,0,0,1,,
,,,,,,,,,,9401,Corner Mount Bracket,185,2,#NAME?,,0,0,0,1,,
,,,,,,,,,,9402,Pole Mount Bracket,185,3,#NAME?,,0,0,0,1,,
,,,,,,,,,,9403,"Pendant Mount Bracket (10"" drop with adapters)",115,4,#NAME?,,0,0,0,1,,
1988,HD-9447,278,0,Edge Backup Recording,Dropdown,1,1,,,9411,No SD Card - No Backup Recording on Device,0,0,,,1,0,0,0,,
,,,,,,,,,,9412,256GB MicroSD Card for Backup/Edge Recording,85,1,+256GB,,0,0,0,0,,
1987,HD-9447,278,0,Mounting Bracket,Dropdown,0,0,,,9406,No Brackets Needed,0,0,,,1,0,0,1,,
,,,,,,,,,,9407,Wall Mount Bracket,85,1,#NAME?,,0,0,0,1,,
,,,,,,,,,,9408,Corner Mount Bracket,185,2,#NAME?,,0,0,0,1,,
,,,,,,,,,,9409,Pole Mount Bracket,185,3,#NAME?,,0,0,0,1,,
,,,,,,,,,,9410,"Pendant Mount Bracket (10"" drop with adapters)",115,4,#NAME?,,0,0,0,1,,
1990,HD-4418,297,0,Edge Backup Recording,Dropdown,1,1,,,9418,No SD Card - No Backup Recording on Device,0,0,,,1,0,0,0,,
,,,,,,,,,,9419,256GB MicroSD Card for Backup/Edge Recording,85,1,+256GB,,0,0,0,0,,
1989,HD-4418,297,0,Mounting Bracket,Dropdown,0,0,,,9413,No Brackets Needed,0,0,,,1,0,0,1,,
,,,,,,,,,,9414,Wall Mount Bracket,85,1,#NAME?,,0,0,0,1,,
,,,,,,,,,,9415,Corner Mount Bracket,185,2,#NAME?,,0,0,0,1,,
,,,,,,,,,,9416,Pole Mount Bracket,185,3,#NAME?,,0,0,0,1,,
,,,,,,,,,,9417,"Pendant Mount Bracket (10"" drop with adapters)",115,4,#NAME?,,0,0,0,1,,
1992,HD-4818,298,0,Edge Backup Recording,Dropdown,1,1,,,9425,No SD Card - No Backup Recording on Device,0,0,,,1,0,0,0,,
,,,,,,,,,,9426,256GB MicroSD Card for Backup/Edge Recording,85,1,+256GB,,0,0,0,0,,
1991,HD-4818,298,0,Mounting Bracket,Dropdown,0,0,,,9420,No Brackets Needed,0,0,,,1,0,0,1,,
,,,,,,,,,,9421,Wall Mount Bracket,85,1,#NAME?,,0,0,0,1,,
,,,,,,,,,,9422,Corner Mount Bracket,185,2,#NAME?,,0,0,0,1,,
,,,,,,,,,,9423,Pole Mount Bracket,185,3,#NAME?,,0,0,0,1,,
,,,,,,,,,,9424,"Pendant Mount Bracket (10"" drop with adapters)",115,4,#NAME?,,0,0,0,1,,
2072,HD-8217,299,0,Audio,Dropdown,1,0,,,9712,No Audio,0,0,,,1,0,0,0,,
,,,,,,,,,,9713,Built-in Audio Microphone,30,1,#NAME?,,0,0,0,0,,
2071,HD-8217,299,0,Color,DropImage,1,0,,,9710,White Housing Color,0,0,,assets/images/Products/Cameras/HD-8x17/thumbnails/hd-8x17_1_thumbnail.jpg,1,0,0,0,,
2070,HD-8217,299,0,Mounting Bracket,Dropdown,0,3,,,9704,No Brackets Needed,0,0,,,1,0,0,1,,
,,,,,,,,,,9705,Weatherproof Junction Box,65,2,#NAME?,,0,0,0,1,,
,,,,,,,,,,9706,Indoor/Outdoor Junction Box,45,1,#NAME?,,0,0,0,1,,
,,,,,,,,,,9707,Pole Mount Bracket & Junction Box,110,4,#NAME?,,0,0,0,1,,
,,,,,,,,,,9708,Wall Mount Bracket,75,3,#NAME?,,0,0,0,0,,
,,,,,,,,,,9709,Pendant Mount and Pendant Cap,85,5,#NAME?,,0,0,0,0,,
2075,HD-8418,300,0,Audio,Dropdown,1,0,,,9722,No Audio,0,0,,,1,0,0,0,,
,,,,,,,,,,9723,Built-in Audio Microphone,30,1,#NAME?,,0,0,0,0,,
2074,HD-8418,300,0,Color,DropImage,1,0,,,9720,White Housing Color,0,0,,assets/images/Products/Cameras/HD-8x17/thumbnails/hd-8x17_1_thumbnail.jpg,1,0,0,0,,
,,,,,,,,,,9721,Dark Gray Housing Color,5,1,#NAME?,assets/images/products/cameras/hd-8xx7/HD-8x17-DG-thumb.jpg,0,0,0,0,,
2073,HD-8418,300,0,Mounting Bracket,Dropdown,1,3,,,9714,No Brackets Needed,0,0,,,1,0,0,1,,
,,,,,,,,,,9715,Weatherproof Junction Box,65,2,#NAME?,,0,0,0,1,,
,,,,,,,,,,9716,Indoor/Outdoor Junction Box,45,1,#NAME?,,0,0,0,1,,
,,,,,,,,,,9717,Pole Mount Bracket & Junction Box,110,4,#NAME?,,0,0,0,1,,
,,,,,,,,,,9718,Wall Mount Bracket,75,3,#NAME?,,0,0,0,0,,
,,,,,,,,,,9719,Pendant Mount and Pendant Cap,85,5,#NAME?,,0,0,0,0,,
2078,HD-8818,301,0,Audio,Dropdown,1,0,,,9732,No Audio,0,0,,,1,0,0,0,,
,,,,,,,,,,9733,Built-in Audio Microphone,30,1,#NAME?,,0,0,0,0,,
2077,HD-8818,301,0,Color,DropImage,1,0,,,9730,White Housing Color,0,0,,assets/images/Products/Cameras/HD-8x17/thumbnails/hd-8x17_1_thumbnail.jpg,1,0,0,0,,
,,,,,,,,,,9731,Dark Gray Housing Color,5,1,#NAME?,assets/images/products/cameras/hd-8xx7/HD-8x17-DG-thumb.jpg,0,0,0,0,,
2076,HD-8818,301,0,Mounting Bracket,Dropdown,0,3,,,9724,No Brackets Needed,0,0,,,1,0,0,1,,
,,,,,,,,,,9725,Weatherproof Junction Box,65,2,#NAME?,,0,0,0,1,,
,,,,,,,,,,9726,Indoor/Outdoor Junction Box,45,1,#NAME?,,0,0,0,1,,
,,,,,,,,,,9727,Pole Mount Bracket & Junction Box,110,4,#NAME?,,0,0,0,1,,
,,,,,,,,,,9728,Wall Mount Bracket,75,3,#NAME?,,0,0,0,0,,
,,,,,,,,,,9729,Pendant Mount and Pendant Cap,85,5,#NAME?,,0,0,0,0,,
1452,HD-246,302,0,Cable Lengths,Radio,1,2,,,6096,No Cable,0,0,,,1,0,0,1,,
,,,,,,,,,,6097,1000' Box CAT-5 Cable w/RJ-45 Connectors,85,1,0,,0,0,0,1,,
1450,HD-246,302,0,Cameras,DropImage,1,0,,,6087,2 x HD-5417 2K Weatherproof Bullet Cameras with IR,0,0,#NAME?,assets/images/Products/Cameras/HDB-5212/HDB-5212-2_thumb.jpg,1,0,0,1,,
,,,,,,,,,,6088,2 x HD-4417 2K MicroDomes,0,1,#NAME?,assets/images/Products/Cameras/HD-4110/HD-4110_1_500x333.jpg,0,0,0,1,,
,,,,,,,,,,6089,2 x HD-8417 2K Turret Cameras with Infrared,0,2,#NAME?,assets/images/Products/Cameras/HD-IP/TH.jpg,0,0,0,1,,
1453,HD-246,302,0,PoE Switch,Radio,1,3,,,6098,4-Port PoE Switch (100Mbps),0,0,,,1,0,0,1,,
,,,,,,,,,,6099,4-Port PoE Switch (1Gbps),50,1,#NAME?,,0,0,0,1,,
1451,HD-246,302,0,Recording,DropImage,1,1,,,6090,AVM Lite Software (7-Days Rolling Recording),0,0,,assets/images/Products/AVM/Video_DVD_250x250.jpg,1,0,0,1,,
,,,,,,,,,,6091,AVM Software (4-IP Licenses),200,1,0,assets/images/Products/AVM/Video_DVD_250x250.jpg,0,0,0,1,,
,,,,,,,,,,6092,MicroNVR (1TB) + 4 Licenses,1199,2,#NAME?,assets/images/Products/PCs/MicroNVR.jpg,0,0,0,1,,
,,,,,,,,,,6093,MicroNVR (2TB) + 4 Licenses,1299,3,#NAME?,assets/images/Products/PCs/MicroNVR.jpg,0,0,0,1,,
,,,,,,,,,,6094,MicroNVR (4TB) + 4 Licenses,1399,4,#NAME?,assets/images/Products/PCs/micronvr_thumbnail.jpg,0,0,0,1,,
,,,,,,,,,,6095,MicroNVR Platinum (4TB) + 4 Licenses,1799,5,#NAME?,assets/images/Products/PCs/hdvr_1_thumbnail.jpg,0,0,0,1,,
1460,HD-286,303,0,Cable Lengths,Radio,1,2,,,6123,No Cable,0,0,,,1,0,0,1,,
,,,,,,,,,,6124,1000' Box CAT-5 Cable w/RJ-45 Connectors,85,1,0,,0,0,0,1,,
1458,HD-286,303,0,Cameras,DropImage,1,0,,,6114,2 x HD-5817 4K Weatherproof Bullet Cameras with IR,0,0,#NAME?,assets/images/Products/Cameras/HDB-5212/HDB-5212-2_thumb.jpg,1,0,0,1,,
,,,,,,,,,,6115,2 x HD-5817 4K MicroDomes,0,1,#NAME?,assets/images/Products/Cameras/HD-4110/HD-4110_1_500x333.jpg,0,0,0,1,,
,,,,,,,,,,6116,2 x HD-8817 4K Turret Cameras with Infrared,0,2,#NAME?,assets/images/Products/Cameras/HD-IP/TH.jpg,0,0,0,1,,
1461,HD-286,303,0,PoE Switch,Radio,1,3,,,6125,4-Port PoE Switch (100Mbps),0,0,,,1,0,0,1,,
,,,,,,,,,,6126,4-Port PoE Switch (1Gbps),50,1,#NAME?,,0,0,0,1,,
1459,HD-286,303,0,Recording,DropImage,1,1,,,6117,AVM Lite Software (7-Days Rolling Recording),0,0,,assets/images/Products/AVM/Video_DVD_250x250.jpg,1,0,0,1,,
,,,,,,,,,,6118,AVM Software (4-IP Licenses),200,1,0,assets/images/Products/AVM/Video_DVD_250x250.jpg,0,0,0,1,,
,,,,,,,,,,6119,MicroNVR (1TB) + 4 Licenses,1199,2,#NAME?,assets/images/Products/PCs/MicroNVR.jpg,0,0,0,1,,
,,,,,,,,,,6120,MicroNVR (2TB) + 4 Licenses,1299,3,#NAME?,assets/images/Products/PCs/MicroNVR.jpg,0,0,0,1,,
,,,,,,,,,,6121,MicroNVR (4TB) + 4 Licenses,1399,4,#NAME?,assets/images/Products/PCs/micronvr_thumbnail.jpg,0,0,0,1,,
,,,,,,,,,,6122,MicroNVR Platinum (4TB) + 4 Licenses,1799,6,#NAME?,assets/images/Products/PCs/hdvr_1_thumbnail.jpg,0,0,0,1,,
1464,HD-446,304,0,Cable Lengths,Radio,1,2,,,6137,No Cable,0,0,,,1,0,0,1,,
,,,,,,,,,,6138,1000' Box CAT-5 Cable w/RJ-45 Connectors,85,1,0,,0,0,0,1,,
1462,HD-446,304,0,Cameras,DropImage,1,0,,,6128,4 x HDB-5417 2K IR Bullet Cameras,0,0,#NAME?,assets/images/Products/Cameras/HD-IP/BH.jpg,1,0,0,1,,
,,,,,,,,,,6129,4 x HD-4417 2K MicroDomes,0,1,#NAME?,assets/images/Products/Cameras/HD-IP/IH.jpg,0,0,0,1,,
,,,,,,,,,,6130,4 x HD-8417 2K Turret Cameras,0,2,#NAME?,assets/images/Products/Cameras/HD-8x17/HD-8x17_1.jpg,0,0,0,1,,
1465,HD-446,304,0,PoE Switch,Radio,1,3,,,6139,4-Port PoE Switch (100Mbps),0,0,,,0,0,0,1,,
,,,,,,,,,,6140,4-Port PoE Switch (1Gbps),50,1,#NAME?,,0,0,0,1,,
1463,HD-446,304,0,Recording,DropImage,1,1,,,6131,AVM Lite Software (7-Days Rolling Recording),0,0,,assets/images/Products/AVM/Video_DVD_250x250.jpg,1,0,0,1,,
,,,,,,,,,,6132,AVM Software (4-IP Licenses),200,1,0,assets/images/Products/AVM/Video_DVD_250x250.jpg,0,0,0,1,,
,,,,,,,,,,6133,MicroNVR (1TB) + 4 Licenses,1199,2,#NAME?,assets/images/Products/PCs/MicroNVR.jpg,0,0,0,1,,
,,,,,,,,,,6134,MicroNVR (2TB) + 4 Licenses,1299,3,#NAME?,assets/images/Products/PCs/MicroNVR.jpg,0,0,0,1,,
,,,,,,,,,,6135,MicroNVR (4TB) + 4 Licenses,1399,4,#NAME?,assets/images/Products/PCs/micronvr_thumbnail.jpg,0,0,0,1,,
,,,,,,,,,,6136,MicroNVR Platinum (4TB) + 4 Licenses,1799,5,#NAME?,assets/images/Products/PCs/hdvr_1_thumbnail.jpg,0,0,0,1,,
1472,HD-486,305,0,Cable Lengths,Radio,1,2,,,6164,No Cable,0,0,,,1,0,0,1,,
,,,,,,,,,,6165,1000' Box CAT-5 Cable w/RJ-45 Connectors,85,1,0,,0,0,0,1,,
1470,HD-486,305,0,Cameras,DropImage,1,0,,,6155,4 x HDB-5817 4K IR Bullet Cameras,0,0,#NAME?,assets/images/Products/Cameras/HD-IP/BH.jpg,1,0,0,1,,
,,,,,,,,,,6156,4 x HD-4817 4K MicroDomes,0,1,#NAME?,assets/images/Products/Cameras/HD-IP/IH.jpg,0,0,0,1,,
,,,,,,,,,,6157,4 x HD-8817 4K Turret Cameras,0,2,#NAME?,assets/images/Products/Cameras/HD-8x17/HD-8x17_1.jpg,0,0,0,1,,
1473,HD-486,305,0,PoE Switch,Radio,1,3,,,6166,4-Port PoE Switch (100Mbps),0,0,,,0,0,0,1,,
,,,,,,,,,,6167,4-Port PoE Switch (1Gbps),50,1,#NAME?,,0,0,0,1,,
1471,HD-486,305,0,Recording,DropImage,1,1,,,6158,AVM Lite Software (7-Days Rolling Recording),0,0,,assets/images/Products/AVM/Video_DVD_250x250.jpg,1,0,0,1,,
,,,,,,,,,,6159,AVM Software (4-IP Licenses),200,1,0,assets/images/Products/AVM/Video_DVD_250x250.jpg,0,0,0,1,,
,,,,,,,,,,6160,MicroNVR (1TB) + 4 Licenses,1199,2,#NAME?,assets/images/Products/PCs/MicroNVR.jpg,0,0,0,1,,
,,,,,,,,,,6161,MicroNVR (2TB) + 4 Licenses,1299,3,#NAME?,assets/images/Products/PCs/MicroNVR.jpg,0,0,0,1,,
,,,,,,,,,,6162,MicroNVR (4TB) + 4 Licenses,1399,4,#NAME?,assets/images/Products/PCs/micronvr_thumbnail.jpg,0,0,0,1,,
,,,,,,,,,,6163,MicroNVR Platinum (4TB) + 4 Licenses,1799,5,#NAME?,assets/images/Products/PCs/hdvr_1_thumbnail.jpg,0,0,0,1,,
1524,HD-846,306,0,Cable Lengths,Radio,1,2,,,6507,No Cable,0,0,,,1,0,0,1,,
,,,,,,,,,,6508,1000' Box CAT-5 Cable w/RJ-45 Connectors,85,1,0,,0,0,0,1,,
1522,HD-846,306,0,Cameras,DropImage,1,0,,,6490,8 x HDB-5417 2K HD IR Bullet Cameras,0,0,#NAME?,assets/images/Products/Cameras/HD-IP/BH.jpg,1,0,0,1,,
,,,,,,,,,,6491,8 x HD-4417 2K MicroDomes,0,1,#NAME?,assets/images/Products/Cameras/HD-IP/IH.jpg,0,0,0,1,,
,,,,,,,,,,6492,2 x HD-4417 Domes + 6 x HD-5417 Bullets,0,8,#NAME?,assets/images/Products/Cameras/HD-IP/IHBH.jpg,0,0,0,1,,
,,,,,,,,,,6493,2 x HD-4417 Domes + 6 x HD-8417 Turrets,0,7,#NAME?,assets/images/Products/Cameras/HD-IP/IHTH.jpg,0,0,0,1,,
,,,,,,,,,,6494,4 x HD-4417 Domes + 4 x HD-5417 Bullets,0,6,#NAME?,assets/images/Products/Cameras/HD-IP/IHBH.jpg,0,0,0,1,,
,,,,,,,,,,6495,4 x HD-4417 Domes + 4 x HD-8417 Turrets,0,5,#NAME?,assets/images/Products/Cameras/HD-IP/IHTH.jpg,0,0,0,1,,
,,,,,,,,,,6496,6 x HD-4417 Domes + 2 x HDB-5417 Bullets,0,4,#NAME?,assets/images/Products/Cameras/HD-IP/IHBH.jpg,0,0,0,1,,
,,,,,,,,,,6497,6 x HD-4417 Domes + 2 x HD-8417 Turrets,0,3,#NAME?,assets/images/Products/Cameras/HD-IP/IHTH.jpg,0,0,0,1,,
,,,,,,,,,,6498,8 x HD-8417 2K Turret Cameras,0,2,#NAME?,assets/images/Products/Cameras/HD-IP/TH.jpg,0,0,0,1,,
1525,HD-846,306,0,PoE Switch,Radio,1,3,,,6509,2 x 4-Port PoE Switch (100Mbps),0,0,,,0,0,0,1,,
,,,,,,,,,,6510,2 x 4-Port PoE Switch (1Gbps),100,1,#NAME?,,0,0,0,1,,
1523,HD-846,306,0,Recording,DropImage,1,1,,,6499,AVM Software (8-IP Licenses),0,0,,assets/images/Products/AVM/Video_DVD_250x250.jpg,1,0,0,1,,
,,,,,,,,,,6500,MicroNVR (1TB),1199,1,#NAME?,assets/images/Products/PCs/MicroNVR.jpg,0,0,0,1,,
,,,,,,,,,,6501,MicroNVR (2TB),1299,2,#NAME?,assets/images/Products/PCs/MicroNVR.jpg,0,0,0,1,,
,,,,,,,,,,6502,MicroNVR (4TB),1399,3,#NAME?,assets/images/Products/PCs/micronvr_thumbnail.jpg,0,0,0,1,,
,,,,,,,,,,6503,Rack Mount PlatinumNVR (16TB),2399,6,#NAME?,assets/images/Products/PCs/hdvr_1_thumbnail.jpg,0,0,0,1,,
,,,,,,,,,,6504,Rack Mount PlatinumNVR (24TB),2799,7,#NAME?,assets/images/Products/PCs/hdvr_1_thumbnail.jpg,0,0,0,1,,
,,,,,,,,,,6505,Platinum NVR (4TB),1799,4,#NAME?,assets/images/Products/PCs/hdvr_1_thumbnail.jpg,0,0,0,1,,
,,,,,,,,,,6506,Rack Mount PlatinumNVR (8TB),1999,5,#NAME?,assets/images/Products/PCs/hdvr_1_thumbnail.jpg,0,0,0,1,,
1528,HD-886,307,0,Cable Lengths,Radio,1,2,,,6531,No Cable,0,0,,,1,0,0,1,,
,,,,,,,,,,6532,1000' Box CAT-5 Cable w/RJ-45 Connectors,85,1,0,,0,0,0,1,,
1526,HD-886,307,0,Cameras,DropImage,1,0,,,6514,8 x HDB-5817 4K HD IR Bullet Cameras,0,0,#NAME?,assets/images/Products/Cameras/HD-IP/BH.jpg,1,0,0,1,,
,,,,,,,,,,6515,8 x HD-4817 4K MicroDomes,0,1,#NAME?,assets/images/Products/Cameras/HD-IP/IH.jpg,0,0,0,1,,
,,,,,,,,,,6516,2 x HD-4817 Domes + 6 x HD-5817 Bullets,0,8,#NAME?,assets/images/Products/Cameras/HD-IP/IHBH.jpg,0,0,0,1,,
,,,,,,,,,,6517,2 x HD-4817 Domes + 6 x HD-8817 Turrets,0,7,#NAME?,assets/images/Products/Cameras/HD-IP/IHTH.jpg,0,0,0,1,,
,,,,,,,,,,6518,4 x HD-4817 Domes + 4 x HD-5817 Bullets,0,6,#NAME?,assets/images/Products/Cameras/HD-IP/IHBH.jpg,0,0,0,1,,
,,,,,,,,,,6519,4 x HD-4817 Domes + 4 x HD-8817 Turrets,0,5,#NAME?,assets/images/Products/Cameras/HD-IP/IHTH.jpg,0,0,0,1,,
,,,,,,,,,,6520,6 x HD-4817 Domes + 2 x HDB-5817 Bullets,0,4,#NAME?,assets/images/Products/Cameras/HD-IP/IHBH.jpg,0,0,0,1,,
,,,,,,,,,,6521,6 x HD-4817 Domes + 2 x HD-8817 Turrets,0,3,#NAME?,assets/images/Products/Cameras/HD-IP/IHTH.jpg,0,0,0,1,,
,,,,,,,,,,6522,8 x HD-8817 4K Turret Cameras,0,2,#NAME?,assets/images/Products/Cameras/HD-IP/TH.jpg,0,0,0,1,,
1529,HD-886,307,0,PoE Switch,Radio,1,3,,,6533,2 x 4-Port PoE Switch (100Mbps),0,0,,,0,0,0,1,,
,,,,,,,,,,6534,2 x 4-Port PoE Switch (1Gbps),100,1,#NAME?,,0,0,0,1,,
1527,HD-886,307,0,Recording,DropImage,1,1,,,6523,AVM Software (8-IP Licenses),0,0,,assets/images/Products/AVM/Video_DVD_250x250.jpg,1,0,0,1,,
,,,,,,,,,,6524,MicroNVR (1TB),1199,1,#NAME?,assets/images/Products/PCs/MicroNVR.jpg,0,0,0,1,,
,,,,,,,,,,6525,MicroNVR (2TB),1299,2,#NAME?,assets/images/Products/PCs/MicroNVR.jpg,0,0,0,1,,
,,,,,,,,,,6526,MicroNVR (4TB),1399,3,#NAME?,assets/images/Products/PCs/micronvr_thumbnail.jpg,0,0,0,1,,
,,,,,,,,,,6527,Rack Mount PlatinumNVR (16TB),2399,6,#NAME?,assets/images/Products/PCs/hdvr_1_thumbnail.jpg,0,0,0,1,,
,,,,,,,,,,6528,Rack Mount PlatinumNVR (24TB),2799,7,#NAME?,assets/images/Products/PCs/hdvr_1_thumbnail.jpg,0,0,0,1,,
,,,,,,,,,,6529,Platinum NVR Rackmount (8TB),1999,4,#NAME?,assets/images/Products/PCs/hdvr_1_thumbnail.jpg,0,0,0,1,,
,,,,,,,,,,6530,Rack Mount PlatinumNVR (8TB),1999,5,#NAME?,assets/images/Products/PCs/hdvr_1_thumbnail.jpg,0,0,0,1,,
1508,HD-1246,308,0,Cable Lengths,Radio,1,2,,,6409,No Cable,0,0,,,1,0,0,1,,
,,,,,,,,,,6410,1000' Box CAT-5 Cable w/RJ-45 Connectors,85,1,0,,0,0,0,1,,
1506,HD-1246,308,0,Cameras,DropImage,1,0,,,6388,12 x HD-5417 HD 2K Bullet Cameras,0,0,#NAME?,assets/images/Products/Cameras/HD-IP/BH.jpg,1,0,0,1,,
,,,,,,,,,,6389,12 x HD-4417 2K MicroDomes,0,1,#NAME?,assets/images/Products/Cameras/HD-IP/IH.jpg,0,0,0,1,,
,,,,,,,,,,6390,10 x HD-4417 Domes + 2 x HD-5417 Bullets,0,8,#NAME?,assets/images/Products/Cameras/HD-IP/IHBH.jpg,0,0,0,1,,
,,,,,,,,,,6391,10 x HD-4417 Domes + 2 x HD-8417 Turrets,0,3,#NAME?,assets/images/Products/Cameras/HD-IP/IHTH.jpg,0,0,0,1,,
,,,,,,,,,,6392,2 x HD-4417 Domes + 10 x HD-5417 Bullets,0,12,#NAME?,assets/images/Products/Cameras/HD-IP/IHBH.jpg,0,0,0,1,,
,,,,,,,,,,6393,2 x HD-4417 Domes + 10 x HD-8417 Turrets,0,7,#NAME?,assets/images/Products/Cameras/HD-IP/IHTH.jpg,0,0,0,1,,
,,,,,,,,,,6394,4 x HD-4417 Domes + 8 x HD-5417 Bullets,0,11,#NAME?,assets/images/Products/Cameras/HD-IP/IHBH.jpg,0,0,0,1,,
,,,,,,,,,,6395,4 x HD-4417 Domes + 8 x HD-8417 Turrets,0,6,#NAME?,assets/images/Products/Cameras/HD-IP/IHTH.jpg,0,0,0,1,,
,,,,,,,,,,6396,6 x HD-4417 Domes + 6 x HD-5417 Bullets,0,10,#NAME?,assets/images/Products/Cameras/HD-IP/IHBH.jpg,0,0,0,1,,
,,,,,,,,,,6397,6 x HD-4417 Domes + 6 x HD-8417 Turrets,0,5,#NAME?,assets/images/Products/Cameras/HD-IP/IHTH.jpg,0,0,0,1,,
,,,,,,,,,,6398,8 x HD-4417 Domes + 4 x HD-5417 Bullets,0,9,#NAME?,assets/images/Products/Cameras/HD-IP/IHBH.jpg,0,0,0,1,,
,,,,,,,,,,6399,8 x HD-4417 Domes + 4 x HD-8417 Turrets,0,4,#NAME?,assets/images/Products/Cameras/HD-IP/IHTH.jpg,0,0,0,1,,
,,,,,,,,,,6400,12 x HD-8417 2K Turret Cameras,0,2,#NAME?,assets/images/Products/Cameras/HD-IP/TH.jpg,0,0,0,1,,
1509,HD-1246,308,0,PoE Switch,Radio,1,3,,,6411,3 x 4-Port PoE Switch (100Mbps),0,0,,,0,0,0,1,,
,,,,,,,,,,6412,3 x 4-Port PoE Switch (1Gbps),150,1,#NAME?,,0,0,0,1,,
1507,HD-1246,308,0,Recording,DropImage,1,1,,,6401,AVM Software (12-IP Licenses),0,0,,assets/images/Products/AVM/Video_DVD_250x250.jpg,1,0,0,1,,
,,,,,,,,,,6402,MicroNVR (2TB),1299,2,#NAME?,assets/images/Products/PCs/MicroNVR.jpg,0,0,0,1,,
,,,,,,,,,,6403,MicroNVR (4TB),1399,3,#NAME?,assets/images/Products/PCs/micronvr_thumbnail.jpg,0,0,0,1,,
,,,,,,,,,,6404,Rack Mount PlatinumNVR (16TB),2399,6,#NAME?,assets/images/Products/PCs/hdvr_1_thumbnail.jpg,0,0,0,1,,
,,,,,,,,,,6405,Rack Mount PlatinumNVR (24TB),2799,7,#NAME?,assets/images/Products/PCs/hdvr_1_thumbnail.jpg,0,0,0,1,,
,,,,,,,,,,6406,Rack Mount PlatinumNVR (32TB),3199,8,#NAME?,assets/images/Products/PCs/hdvr_1_thumbnail.jpg,0,0,0,1,,
,,,,,,,,,,6407,Rack Mount PlatinumNVR (4TB),1799,4,#NAME?,assets/images/Products/PCs/hdvr_1_thumbnail.jpg,0,0,0,1,,
,,,,,,,,,,6408,Rack Mount PlatinumNVR (8TB),1999,5,#NAME?,assets/images/Products/PCs/hdvr_1_thumbnail.jpg,0,0,0,1,,
1512,HD-1286,309,0,Cable Lengths,Radio,1,2,,,6438,No Cable,0,0,,,1,0,0,1,,
,,,,,,,,,,6439,1000' Box CAT-5 Cable w/RJ-45 Connectors,85,1,0,,0,0,0,1,,
1510,HD-1286,309,0,Cameras,DropImage,1,0,,,6417,12 x HD-5817 HD 4K Bullet Cameras,0,0,#NAME?,assets/images/Products/Cameras/HD-IP/BH.jpg,1,0,0,1,,
,,,,,,,,,,6418,12 x HD-4817 4K MicroDomes,0,1,#NAME?,assets/images/Products/Cameras/HD-IP/IH.jpg,0,0,0,1,,
,,,,,,,,,,6419,10 x HD-4817 Domes + 2 x HD-5817 Bullets,0,8,#NAME?,assets/images/Products/Cameras/HD-IP/IHBH.jpg,0,0,0,1,,
,,,,,,,,,,6420,10 x HD-4817 Domes + 2 x HD-8817 Turrets,0,3,#NAME?,assets/images/Products/Cameras/HD-IP/IHTH.jpg,0,0,0,1,,
,,,,,,,,,,6421,2 x HD-4817 Domes + 10 x HD-5817 Bullets,0,12,#NAME?,assets/images/Products/Cameras/HD-IP/IHBH.jpg,0,0,0,1,,
,,,,,,,,,,6422,2 x HD-4817 Domes + 10 x HD-8817 Turrets,0,7,#NAME?,assets/images/Products/Cameras/HD-IP/IHTH.jpg,0,0,0,1,,
,,,,,,,,,,6423,4 x HD-4817 Domes + 8 x HD-5817 Bullets,0,11,#NAME?,assets/images/Products/Cameras/HD-IP/IHBH.jpg,0,0,0,1,,
,,,,,,,,,,6424,4 x HD-4817 Domes + 8 x HD-8817 Turrets,0,6,#NAME?,assets/images/Products/Cameras/HD-IP/IHTH.jpg,0,0,0,1,,
,,,,,,,,,,6425,6 x HD-4817 Domes + 6 x HD-5817 Bullets,0,10,#NAME?,assets/images/Products/Cameras/HD-IP/IHBH.jpg,0,0,0,1,,
,,,,,,,,,,6426,6 x HD-4817 Domes + 6 x HD-8817 Turrets,0,5,#NAME?,assets/images/Products/Cameras/HD-IP/IHTH.jpg,0,0,0,1,,
,,,,,,,,,,6427,8 x HD-4817 Domes + 4 x HD-5817 Bullets,0,9,#NAME?,assets/images/Products/Cameras/HD-IP/IHBH.jpg,0,0,0,1,,
,,,,,,,,,,6428,8 x HD-4817 Domes + 4 x HD-8817 Turrets,0,4,#NAME?,assets/images/Products/Cameras/HD-IP/IHTH.jpg,0,0,0,1,,
,,,,,,,,,,6429,12 x HD-8817 4K Turret Cameras,0,2,#NAME?,assets/images/Products/Cameras/HD-IP/TH.jpg,0,0,0,1,,
1513,HD-1286,309,0,PoE Switch,Radio,1,3,,,6440,3 x 4-Port PoE Switch (100Mbps),0,0,,,0,0,0,1,,
,,,,,,,,,,6441,3 x 4-Port PoE Switch (1Gbps),150,1,#NAME?,,0,0,0,1,,
1511,HD-1286,309,0,Recording,DropImage,1,1,,,6430,AVM Software (12-IP Licenses),0,0,,assets/images/Products/AVM/Video_DVD_250x250.jpg,1,0,0,1,,
,,,,,,,,,,6431,MicroNVR (2TB),1299,2,#NAME?,assets/images/Products/PCs/MicroNVR.jpg,0,0,0,1,,
,,,,,,,,,,6432,MicroNVR (4TB),1399,3,#NAME?,assets/images/Products/PCs/micronvr_thumbnail.jpg,0,0,0,1,,
,,,,,,,,,,6433,Rack Mount PlatinumNVR (16TB),2399,6,#NAME?,assets/images/Products/PCs/hdvr_1_thumbnail.jpg,0,0,0,1,,
,,,,,,,,,,6434,Rack Mount PlatinumNVR (24TB),2799,7,#NAME?,assets/images/Products/PCs/hdvr_1_thumbnail.jpg,0,0,0,1,,
,,,,,,,,,,6435,Rack Mount PlatinumNVR (32TB),3199,8,#NAME?,assets/images/Products/PCs/hdvr_1_thumbnail.jpg,0,0,0,1,,
,,,,,,,,,,6436,Rack Mount PlatinumNVR (4TB),1799,4,#NAME?,assets/images/Products/PCs/hdvr_1_thumbnail.jpg,0,0,0,1,,
,,,,,,,,,,6437,Rack Mount PlatinumNVR (8TB),1999,5,#NAME?,assets/images/Products/PCs/hdvr_1_thumbnail.jpg,0,0,0,1,,
1484,HD-1646,310,0,Cable Lengths,Radio,1,2,,,6237,No Cable,0,0,,,1,0,0,1,,
,,,,,,,,,,6238,1000' Box CAT-5 Cable w/RJ-45 Connectors,85,1,0,,0,0,0,1,,
1482,HD-1646,310,0,Cameras,DropImage,1,0,,,6214,16 x HD-5417 2K IR Bullets,0,0,#NAME?,assets/images/Products/Cameras/HD-IP/BH.jpg,1,0,0,1,,
,,,,,,,,,,6215,16 x HD-4417 2K MicroDomes,0,1,#NAME?,assets/images/Products/Cameras/HD-IP/IH.jpg,0,0,0,1,,
,,,,,,,,,,6216,12 x HD-4417 Domes + 4 x HD-5417 Bullets,0,10,#NAME?,assets/images/Products/Cameras/HD-IP/IHBH.jpg,0,0,0,1,,
,,,,,,,,,,6217,12 x HD-4417 Domes + 4 x HD-8417 Turrets,0,4,#NAME?,assets/images/Products/Cameras/HD-IP/IHTH.jpg,0,0,0,1,,
,,,,,,,,,,6218,14 x HD-4417 Domes + 2 x HD-5417 Bullets,0,9,#NAME?,assets/images/Products/Cameras/HD-IP/IHBH.jpg,0,0,0,1,,
,,,,,,,,,,6219,14 x HD-4417 Domes + 2 x HD-8417 Turrets,0,3,#NAME?,assets/images/Products/Cameras/HD-IP/IHTH.jpg,0,0,0,1,,
,,,,,,,,,,6220,2 x HD-4417 Domes + 14 x HD-5417 Bullets,0,14,#NAME?,assets/images/Products/Cameras/HD-IP/IHBH.jpg,0,0,0,1,,
,,,,,,,,,,6221,2 x HD-4417 Domes + 14 x HD-8417 Turrets,0,8,#NAME?,assets/images/Products/Cameras/HD-IP/IHTH.jpg,0,0,0,1,,
,,,,,,,,,,6222,4 x HD-4417 Domes + 12 x HD-5417 Bullets,0,13,#NAME?,assets/images/Products/Cameras/HD-IP/IHBH.jpg,0,0,0,1,,
,,,,,,,,,,6223,4 x HD-4417 Domes + 12 x HD-8417 Turrets,0,7,#NAME?,assets/images/Products/Cameras/HD-IP/IHTH.jpg,0,0,0,1,,
,,,,,,,,,,6224,6 x HD-4417 Domes + 10 x HD-5417 Bullets,0,12,#NAME?,assets/images/Products/Cameras/HD-IP/IHBH.jpg,0,0,0,1,,
,,,,,,,,,,6225,6 x HD-4417 Domes + 10 x HD-8417 Turrets,0,6,#NAME?,assets/images/Products/Cameras/HD-IP/IHTH.jpg,0,0,0,1,,
,,,,,,,,,,6226,8 x HD-4417 Domes + 8 x HD-5417 Bullets,0,11,#NAME?,assets/images/Products/Cameras/HD-IP/IHBH.jpg,0,0,0,1,,
,,,,,,,,,,6227,8 x HD-4417 Domes + 8 x HD-8417 Turrets,0,5,#NAME?,assets/images/Products/Cameras/HD-IP/IHTH.jpg,0,0,0,1,,
,,,,,,,,,,6228,16 x HD-8417 2K Turrets,0,2,#NAME?,assets/images/Products/Cameras/HD-IP/TH.jpg,0,0,0,1,,
1485,HD-1646,310,0,PoE Switch,Radio,1,3,,,6239,4 x 4-Port PoE Switch (100Mbps),0,0,,,0,0,0,1,,
,,,,,,,,,,6240,4 x 4-Port PoE Switch (1Gbps),200,1,#NAME?,,0,0,0,1,,
1483,HD-1646,310,0,Recording,DropImage,1,1,,,6229,AVM Software (16-IP Licenses),0,1,,assets/images/Products/AVM/Video_DVD_250x250.jpg,1,0,0,1,,
,,,,,,,,,,6230,MicroNVR (2TB),1299,3,#NAME?,assets/images/Products/PCs/MicroNVR.jpg,0,0,0,1,,
,,,,,,,,,,6231,MicroNVR (4TB),1399,4,#NAME?,assets/images/Products/PCs/micronvr_thumbnail.jpg,0,0,0,1,,
,,,,,,,,,,6232,Rack Mount PlatinumNVR (16TB),2399,7,#NAME?,assets/images/Products/PCs/hdvr_1_thumbnail.jpg,0,0,0,1,,
,,,,,,,,,,6233,Rack Mount PlatinumNVR (24TB),2799,8,#NAME?,assets/images/Products/PCs/hdvr_1_thumbnail.jpg,0,0,0,1,,
,,,,,,,,,,6234,Rack Mount PlatinumNVR (32TB),3099,9,#NAME?,assets/images/Products/PCs/hdvr_1_thumbnail.jpg,0,0,0,1,,
,,,,,,,,,,6235,Rack Mount PlatinumNVR (4TB),1799,5,#NAME?,assets/images/Products/PCs/hdvr_1_thumbnail.jpg,0,0,0,1,,
,,,,,,,,,,6236,Rack Mount PlatinumNVR (8TB),1999,6,#NAME?,assets/images/Products/PCs/hdvr_1_thumbnail.jpg,0,0,0,1,,
1492,HD-1686,311,0,Cable Lengths,Radio,1,2,,,6295,No Cable,0,0,,,1,0,0,1,,
,,,,,,,,,,6296,1000' Box CAT-5 Cable w/RJ-45 Connectors,85,1,0,,0,0,0,1,,
1490,HD-1686,311,0,Cameras,DropImage,1,0,,,6272,16 x HD-5817 4K IR Bullets,0,0,#NAME?,assets/images/Products/Cameras/HD-IP/BH.jpg,1,0,0,1,,
,,,,,,,,,,6273,16 x HD-4817 4K MicroDomes,0,1,#NAME?,assets/images/Products/Cameras/HD-IP/IH.jpg,0,0,0,1,,
,,,,,,,,,,6274,12 x HD-4817 Domes + 4 x HD-5817 Bullets,0,10,#NAME?,assets/images/Products/Cameras/HD-IP/IHBH.jpg,0,0,0,1,,
,,,,,,,,,,6275,12 x HD-4817 Domes + 4 x HD-8817 Turrets,0,4,#NAME?,assets/images/Products/Cameras/HD-IP/IHTH.jpg,0,0,0,1,,
,,,,,,,,,,6276,14 x HD-4817 Domes + 2 x HD-5817 Bullets,0,9,#NAME?,assets/images/Products/Cameras/HD-IP/IHBH.jpg,0,0,0,1,,
,,,,,,,,,,6277,14 x HD-4817 Domes + 2 x HD-8817 Turrets,0,3,#NAME?,assets/images/Products/Cameras/HD-IP/IHTH.jpg,0,0,0,1,,
,,,,,,,,,,6278,2 x HD-4817 Domes + 14 x HD-5817 Bullets,0,14,#NAME?,assets/images/Products/Cameras/HD-IP/IHBH.jpg,0,0,0,1,,
,,,,,,,,,,6279,2 x HD-4817 Domes + 14 x HD-8817 Turrets,0,8,#NAME?,assets/images/Products/Cameras/HD-IP/IHTH.jpg,0,0,0,1,,
,,,,,,,,,,6280,4 x HD-4817 Domes + 12 x HD-5817 Bullets,0,13,#NAME?,assets/images/Products/Cameras/HD-IP/IHBH.jpg,0,0,0,1,,
,,,,,,,,,,6281,4 x HD-4817 Domes + 12 x HD-8817 Turrets,0,7,#NAME?,assets/images/Products/Cameras/HD-IP/IHTH.jpg,0,0,0,1,,
,,,,,,,,,,6282,6 x HD-4817 Domes + 10 x HD-5817 Bullets,0,12,#NAME?,assets/images/Products/Cameras/HD-IP/IHBH.jpg,0,0,0,1,,
,,,,,,,,,,6283,6 x HD-4817 Domes + 10 x HD-8817 Turrets,0,6,#NAME?,assets/images/Products/Cameras/HD-IP/IHTH.jpg,0,0,0,1,,
,,,,,,,,,,6284,8 x HD-4817 Domes + 8 x HD-5817 Bullets,0,11,#NAME?,assets/images/Products/Cameras/HD-IP/IHBH.jpg,0,0,0,1,,
,,,,,,,,,,6285,8 x HD-4817 Domes + 8 x HD-8817 Turrets,0,5,#NAME?,assets/images/Products/Cameras/HD-IP/IHTH.jpg,0,0,0,1,,
,,,,,,,,,,6286,16 x HD-8817 4K Turrets,0,2,#NAME?,assets/images/Products/Cameras/HD-IP/TH.jpg,0,0,0,1,,
1493,HD-1686,311,0,PoE Switch,Radio,1,3,,,6297,4 x 4-Port PoE Switch (100Mbps),0,0,,,0,0,0,1,,
,,,,,,,,,,6298,4 x 4-Port PoE Switch (1Gbps),200,1,#NAME?,,0,0,0,1,,
1491,HD-1686,311,0,Recording,DropImage,1,1,,,6287,AVM Software (16-IP Licenses),0,1,,assets/images/Products/AVM/Video_DVD_250x250.jpg,1,0,0,1,,
,,,,,,,,,,6288,MicroNVR (2TB),1299,3,#NAME?,assets/images/Products/PCs/MicroNVR.jpg,0,0,0,1,,
,,,,,,,,,,6289,MicroNVR (4TB),1399,4,#NAME?,assets/images/Products/PCs/micronvr_thumbnail.jpg,0,0,0,1,,
,,,,,,,,,,6290,Rack Mount PlatinumNVR (16TB),2399,7,#NAME?,assets/images/Products/PCs/hdvr_1_thumbnail.jpg,0,0,0,1,,
,,,,,,,,,,6291,Rack Mount PlatinumNVR (24TB),2799,8,#NAME?,assets/images/Products/PCs/hdvr_1_thumbnail.jpg,0,0,0,1,,
,,,,,,,,,,6292,Rack Mount PlatinumNVR (32TB),3199,9,#NAME?,assets/images/Products/PCs/hdvr_1_thumbnail.jpg,0,0,0,1,,
,,,,,,,,,,6293,Rack Mount PlatinumNVR (4TB),1799,5,#NAME?,assets/images/Products/PCs/hdvr_1_thumbnail.jpg,0,0,0,1,,
,,,,,,,,,,6294,Rack Mount PlatinumNVR (8TB),1999,6,#NAME?,assets/images/Products/PCs/hdvr_1_thumbnail.jpg,0,0,0,1,,
1394,dHD-4217,313,0,Mounting Bracket,Dropdown,0,0,,,5850,No Brackets Needed,0,0,,,1,0,0,1,,
,,,,,,,,,,5851,Back Box,45,2,#NAME?,,0,0,0,1,,
,,,,,,,,,,5852,Wall Mount Bracket,45,1,#NAME?,,0,0,0,1,,
,,,,,,,,,,5853,Corner Mount Bracket,95,3,#NAME?,,0,0,0,1,,
,,,,,,,,,,5854,Pole Mount Bracket,115,4,#NAME?,,0,0,0,1,,
1396,dHD-4417,314,0,Mounting Bracket,Dropdown,0,0,,,5861,No Brackets Needed,0,0,,,1,0,0,1,,
,,,,,,,,,,5862,Back Box,45,2,#NAME?,,0,0,0,1,,
,,,,,,,,,,5863,Wall Mount Bracket,45,1,#NAME?,,0,0,0,1,,
,,,,,,,,,,5864,Corner Mount Bracket,95,3,#NAME?,,0,0,0,1,,
,,,,,,,,,,5865,Pole Mount Bracket,115,4,#NAME?,,0,0,0,1,,
1398,dHD-4817,315,0,Mounting Bracket,Dropdown,0,0,,,5872,No Brackets Needed,0,0,,,1,0,0,1,,
,,,,,,,,,,5873,Back Box,45,2,#NAME?,,0,0,0,1,,
,,,,,,,,,,5874,Wall Mount Bracket,45,1,#NAME?,,0,0,0,1,,
,,,,,,,,,,5875,Corner Mount Bracket,95,3,#NAME?,,0,0,0,1,,
,,,,,,,,,,5876,Pole Mount Bracket,115,4,#NAME?,,0,0,0,1,,
1400,dHD-8217,316,0,Mounting Bracket,Dropdown,0,0,,,5881,No Brackets Needed,0,0,,,1,0,0,1,,
,,,,,,,,,,5882,Indoor/Outdoor Junction Box,45,1,#NAME?,,0,0,0,1,,
,,,,,,,,,,5883,Weatherproof Junction Box,65,2,#NAME?,,0,0,0,1,,
,,,,,,,,,,9894,Wall Mount Bracket,75,3,#NAME?,,0,0,0,0,,
,,,,,,,,,,9895,Pole Mount Bracket & Junction Box,110,4,#NAME?,,0,0,0,0,,
,,,,,,,,,,9896,Pendant Mount and Pendant Cap,85,5,#NAME?,,0,0,0,0,,
1402,dHD-8418,317,0,Mounting Bracket,Dropdown,0,0,,,5888,No Brackets Needed,0,0,,,1,0,0,1,,
,,,,,,,,,,5889,Indoor/Outdoor Junction Box,45,1,#NAME?,,0,0,0,1,,
,,,,,,,,,,5890,Weatherproof Junction Box,65,2,#NAME?,,0,0,0,1,,
,,,,,,,,,,9897,Wall Mount Bracket,75,3,#NAME?,,0,0,0,0,,
,,,,,,,,,,9898,Pole Mount Bracket & Junction Box,110,4,#NAME?,,0,0,0,0,,
,,,,,,,,,,9899,Pendant Mount and Pendant Cap,85,5,#NAME?,,0,0,0,0,,
1404,dHD-8818,318,0,Mounting Bracket,Dropdown,0,0,,,5895,No Brackets Needed,0,0,,,1,0,0,1,,
,,,,,,,,,,5896,Indoor/Outdoor Junction Box,45,1,#NAME?,,0,0,0,1,,
,,,,,,,,,,5897,Weatherproof Junction Box,65,2,#NAME?,,0,0,0,1,,
,,,,,,,,,,9900,Wall Mount Bracket,75,3,#NAME?,,0,0,0,0,,
,,,,,,,,,,9901,Pole Mount Bracket & Junction Box,110,4,#NAME?,,0,0,0,0,,
,,,,,,,,,,9902,Pendant Mount and Pendant Cap,85,5,#NAME?,,0,0,0,0,,
2131,SVC-Plat-YEAR,332,0,Camera Cleaning/Adjustment,Dropdown,1,3,,,9913,Yearly On-Site Camera Cleaning,0,0,,,1,0,0,0,,
,,,,,,,,,,9914,Bi-Annual On-Site Camera Cleaning,30,1,#NAME?,,0,0,0,0,,
,,,,,,,,,,9915,Quarterly On-Site Camera Cleaning,66,2,#NAME?,,0,0,0,0,,
1966,MidNVR,333,0,CPU,Dropdown,1,0,,,9129,Intel i3 CPU,0,0,0,,1,0,0,0,,
,,,,,,,,,,9130,Intel i5 CPU,155,1,0,,0,0,0,0,,
,,,,,,,,,,9131,Intel i7 CPU,365,2,0,,0,0,0,0,,
1965,MidNVR,333,0,Hard Drive Size,Dropdown,1,1,,,9125,4 TB Hard Drive Installed + M.2 OS Drive,0,0,+4TB,,1,0,0,0,,
,,,,,,,,,,9126,8 TB Hard Drive Installed + M.2 OS Drive,250,1,+8TB,,0,0,0,0,,
,,,,,,,,,,9127,12 TB Hard Drive Installed + M.2 OS Drive,450,2,+12TB,,0,0,0,0,,
,,,,,,,,,,9128,16 TB Hard Drive Installed + M.2 OS Drive,550,3,+16TB,,0,0,0,0,,
1964,MidNVR,333,0,Number of IP Licenses,Dropdown,1,4,,,9101,4 IP Camera Licenses,0,0,-4,,1,0,0,0,,
,,,,,,,,,,9102,5 IP Camera Licenses,100,1,-5,,0,0,0,0,,
,,,,,,,,,,9103,6 IP Camera Licenses,200,2,-6,,0,0,0,0,,
,,,,,,,,,,9104,7 IP Camera Licenses,300,3,-7,,0,0,0,0,,
,,,,,,,,,,9105,8 IP Camera Licenses,400,4,-8,,0,0,0,0,,
,,,,,,,,,,9106,9 IP Camera Licenses,500,5,-9,,0,0,0,0,,
,,,,,,,,,,9107,10 IP Camera Licenses,600,6,-10,,0,0,0,0,,
,,,,,,,,,,9108,11 IP Camera Licenses,700,7,-11,,0,0,0,0,,
,,,,,,,,,,9109,12 IP Camera Licenses,800,8,-12,,0,0,0,0,,
,,,,,,,,,,9110,13 IP Camera Licenses,900,9,-13,,0,0,0,0,,
,,,,,,,,,,9111,14 IP Camera Licenses,1000,10,-14,,0,0,0,0,,
,,,,,,,,,,9112,15 IP Camera Licenses,1100,11,-15,,0,0,0,0,,
,,,,,,,,,,9113,16 IP Camera Licenses,1200,12,-16,,0,0,0,0,,
,,,,,,,,,,9114,17 IP Camera Licenses,1300,13,-17,,0,0,0,0,,
,,,,,,,,,,9115,18 IP Camera Licenses,1400,14,-18,,0,0,0,0,,
,,,,,,,,,,9116,19 IP Camera Licenses,1500,15,-19,,0,0,0,0,,
,,,,,,,,,,9117,20 IP Camera Licenses,1600,16,-20,,0,0,0,0,,
,,,,,,,,,,9118,21 IP Camera Licenses,1700,17,-21,,0,0,0,0,,
,,,,,,,,,,9119,22 IP Camera Licenses,1800,18,-22,,0,0,0,0,,
,,,,,,,,,,9120,23 IP Camera Licenses,1900,19,-23,,0,0,0,0,,
,,,,,,,,,,9121,24 IP Camera Licenses,2000,20,-24,,0,0,0,0,,
,,,,,,,,,,9122,No IP Licenses Needed,-200,21,#NAME?,,0,0,0,0,,
1967,MidNVR,333,0,RAM,Dropdown,1,2,,,9132,8GB DDR4 RAM Installed,0,0,+8GB,,1,0,0,0,,
,,,,,,,,,,9133,16GB DDR4 RAM Installed,110,1,+16GB,,0,0,0,0,,
1971,dMidNVR,334,0,CPU,Dropdown,1,0,,,9164,Intel i3 CPU,0,0,0,,1,0,0,1,,
,,,,,,,,,,9165,Intel i5 CPU,115,1,0,,0,0,0,1,,
,,,,,,,,,,9166,Intel i7 CPU,265,2,0,,0,0,0,1,,
1969,dMidNVR,334,0,Hard Drive Size,Dropdown,1,4,,,9158,4 TB Hard Drive Installed + M.2 OS Drive,0,2,+4TB,,1,0,0,1,,
,,,,,,,,,,9159,8 TB Hard Drive Installed + M.2 OS Drive,185,3,+8TB,,0,0,0,1,,
,,,,,,,,,,9160,12 TB Hard Drives Installed + M.2 OS Drive,375,4,+12TB,,0,0,0,1,,
,,,,,,,,,,9161,16 TB Hard Drive Installed + M.2 OS Drive,500,5,+16TB,,0,0,0,1,,
1968,dMidNVR,334,0,Number of IP Licenses,Dropdown,1,10,,,9134,4 IP Camera Licenses,0,0,-4,,1,0,0,1,,
,,,,,,,,,,9135,5 IP Camera Licenses,70,1,-5,,0,0,0,1,,
,,,,,,,,,,9136,6 IP Camera Licenses,140,2,-6,,0,0,0,1,,
,,,,,,,,,,9137,7 IP Camera Licenses,210,3,-7,,0,0,0,1,,
,,,,,,,,,,9138,8 IP Camera Licenses,280,4,-8,,0,0,0,1,,
,,,,,,,,,,9139,9 IP Camera Licenses,350,5,-9,,0,0,0,1,,
,,,,,,,,,,9140,10 IP Camera Licenses,420,6,-10,,0,0,0,1,,
,,,,,,,,,,9141,11 IP Camera Licenses,490,7,-11,,0,0,0,1,,
,,,,,,,,,,9142,12 IP Camera Licenses,560,8,-12,,0,0,0,1,,
,,,,,,,,,,9143,13 IP Camera Licenses,630,9,-13,,0,0,0,1,,
,,,,,,,,,,9144,14 IP Camera Licenses,700,10,-14,,0,0,0,1,,
,,,,,,,,,,9145,15 IP Camera Licenses,770,11,-15,,0,0,0,1,,
,,,,,,,,,,9146,16 IP Camera Licenses,840,12,-16,,0,0,0,1,,
,,,,,,,,,,9147,No IP Camera Licenses,-140,21,#NAME?,,0,0,0,1,,
,,,,,,,,,,9148,17 IP Camera Licenses,910,13,-17,,0,0,0,1,,
,,,,,,,,,,9149,18 IP Camera Licenses,980,14,-18,,0,0,0,1,,
,,,,,,,,,,9150,19 IP Camera Licenses,1050,15,-19,,0,0,0,1,,
,,,,,,,,,,9151,20 IP Camera Licenses,1120,16,-20,,0,0,0,1,,
,,,,,,,,,,9152,21 IP Camera Licenses,1190,17,-21,,0,0,0,1,,
,,,,,,,,,,9153,22 IP Camera Licenses,1260,18,-22,,0,0,0,1,,
,,,,,,,,,,9154,23 IP Camera Licenses,1330,19,-23,,0,0,0,1,,
,,,,,,,,,,9155,24 IP Camera Licenses,1400,20,-24,,0,0,0,1,,
1970,dMidNVR,334,0,Operating System,Dropdown,1,2,,,9162,Windows 10 Embedded,0,0,#NAME?,,1,0,0,1,,
,,,,,,,,,,9163,No Operating System,-60,1,#NAME?,,0,0,0,1,,
1972,dMidNVR,334,0,RAM,Dropdown,1,1,,,9167,8GB DDR RAM,0,1,+8GB,,1,0,0,1,,
,,,,,,,,,,9168,16GB DDR RAM,90,2,+16GB,,0,0,0,1,,
1544,dMidNVR,334,0,Video Card,Dropdown,1,2,,,6710,Onboard Video Card (HDMI Output),-55,1,#NAME?,,0,0,0,1,,
,,,,,,,,,,6711,Nvidia Video Card (HDMI output) < 4K Resolution,0,0,,,1,0,0,1,,
1632,PT-TVI4-2.8-Install,338,0,Additional Parts,Checkbox,0,6,,,7088,AVR Battery Backup unit,89.95,1,0,,0,0,0,1,,
,,,,,,,,,,7089,20 Inch LCD Monitor and HDMI Cable,155,2,0,,0,0,0,1,,
,,,,,,,,,,7090,Network Switch for added Internet ports if needed,45,4,#NAME?,,0,0,0,1,,
,,,,,,,,,,7091,Upgraded Power Supply (Regulated Box),74,5,-12,,0,0,0,1,,
,,,,,,,,,,7092,Surge Protector for Power plugs,9.5,3,#NAME?,,0,0,0,1,,
1628,PT-TVI4-2.8-Install,338,0,Cable Lengths,Dropdown,1,2,,,7073,Up to 60' per camera,0,0,,,1,0,0,1,,
,,,,,,,,,,7074,3 Cameras <60' + 1 Camera <100',52,1,+100x1,,0,0,0,1,,
,,,,,,,,,,7075,2 Cameras <60' + 2 Cameras <100',104,2,+100x2,,0,0,0,1,,
,,,,,,,,,,7076,1 Camera <60' + 3 Cameras <100',156,3,+100x3,,0,0,0,1,,
,,,,,,,,,,7077,4 Cameras <100',208,4,+100x4,,0,0,0,1,,
1627,PT-TVI4-2.8-Install,338,0,Installation,Dropdown,1,1,,,7069,Basic Commercial Installation* (Chicago West Suburbs),0,0,#NAME?,,1,0,0,1,,
,,,,,,,,,,7070,Basic Commercial Installation* (Chicago),150,3,+BCI(C),,0,0,0,1,,
,,,,,,,,,,7071,Basic Commercial Installation* (Chicago Northwest Suburbs),100,1,#NAME?,,0,0,0,1,,
,,,,,,,,,,7072,Basic Commercial Installation* (Chicago South Suburbs),120,2,#NAME?,,0,0,0,1,,
1629,PT-TVI4-2.8-Install,338,0,Installation Type,Dropdown,1,3,,,7078,All Indoor Drop Ceiling Camera Installation,0,0,,,1,0,0,1,,
,,,,,,,,,,7079,1 Outdoor Camera + 3 Indoor Drop Ceiling Cameras,100,1,0,,0,0,0,1,,
,,,,,,,,,,7080,2 Outdoor Cameras + 2 Indoor Drop Ceiling Cameras,200,2,0,,0,0,0,1,,
,,,,,,,,,,7081,3 Outdoor Cameras + 1 Indoor Drop Ceiling Camera,300,3,0,,0,0,0,1,,
,,,,,,,,,,7082,4 Outdoor Cameras,400,4,0,,0,0,0,1,,
1631,PT-TVI4-2.8-Install,338,0,Network Run,Dropdown,1,5,,,7085,Connect to Customer Provided Network Switch (next to new DVR Location),0,0,,,1,0,0,1,,
,,,,,,,,,,7086,New CAT-5 Run up to 50' from DVR (no Vertical Drops),100,1,0,,0,0,0,1,,
,,,,,,,,,,7087,Net CAT-5 Run up to 50' from DVR (with Vertical Drop in-wall),200,2,#NAME?,,0,0,0,1,,
1633,PT-TVI4-2.8-Install,338,0,Technical Support,Dropdown,1,7,,,7093,No Ongoing Technical Support,0,0,,,1,0,0,1,,
,,,,,,,,,,7094,Remote Technical Support ($5/mo) Billed Yearly,60,1,#NAME?,,0,0,0,1,,
1630,PT-TVI4-2.8-Install,338,0,Vertical Drop,Dropdown,1,4,,,7083,DVR Installed in Electrical/IT Room with exposed Vertical Drop,0,0,,,1,0,0,1,,
,,,,,,,,,,7084,In-Drywall Vertical Drop for Camera cables to install DVR on Desk or room to hide vertical cable runs,100,1,#NAME?,,0,0,0,1,,
2069,PT-TVI4-2.8,339,0,Power Supply,Radio,1,3,,,9701,Basic 12VDC Power Supply,35,0,+12VSquid,,1,0,0,1,,
,,,,,,,,,,9702,Multi-Camera Regulated Power Box,74,1,-12,,0,0,0,1,,
,,,,,,,,,,9703,No Camera Power Supply,0,2,,,0,0,0,1,,
1688,PT-TVI8-2.8-Install,340,0,Additional Parts,Checkbox,0,6,,,7302,AVR Battery Backup unit,89.95,1,0,,0,0,0,1,,
,,,,,,,,,,7303,20 Inch LCD Monitor and HDMI Cable,155,2,0,,0,0,0,1,,
,,,,,,,,,,7304,Network Switch for added Internet ports if needed,45,4,#NAME?,,0,0,0,1,,
,,,,,,,,,,7305,Upgraded Power Supply (Regulated Box),74,5,-12,,0,0,0,1,,
,,,,,,,,,,7306,Surge Protector for Power plugs,9.5,3,#NAME?,,0,0,0,1,,
1684,PT-TVI8-2.8-Install,340,0,Cable Lengths,Dropdown,1,2,,,7283,Up to 60' per camera,0,0,,,1,0,0,1,,
,,,,,,,,,,7284,7 Cameras <60' + 1 Camera <100',52,1,+100x1,,0,0,0,1,,
,,,,,,,,,,7285,6 Cameras <60' + 2 Cameras <100',104,2,+100x2,,0,0,0,1,,
,,,,,,,,,,7286,5 Camera <60' + 3 Cameras <100',156,3,+100x3,,0,0,0,1,,
,,,,,,,,,,7287,4 Cameras <60' + 4 Cameras <100',208,4,+100x4,,0,0,0,1,,
,,,,,,,,,,7288,3 Cameras <60' + 5 Cameras <100',260,5,+100x5,,0,0,0,1,,
,,,,,,,,,,7289,2 Cameras <60' + 6 Cameras <100',312,6,+100x6,,0,0,0,1,,
,,,,,,,,,,7290,1 Camera <60' + 7 Cameras <100',364,7,+100x7,,0,0,0,1,,
,,,,,,,,,,7291,8 Cameras <100',416,8,+100x8,,0,0,0,1,,
1683,PT-TVI8-2.8-Install,340,0,Installation,Dropdown,1,1,,,7279,Basic Commercial Installation* (Chicago West Suburbs),0,0,#NAME?,,1,0,0,1,,
,,,,,,,,,,7280,Basic Commercial Installation* (Chicago),100,3,+BCI(C),,0,0,0,1,,
,,,,,,,,,,7281,Basic Commercial Installation* (Chicago Northwest Suburbs),50,1,#NAME?,,0,0,0,1,,
,,,,,,,,,,7282,Basic Commercial Installation* (Chicago South Suburbs),70,2,#NAME?,,0,0,0,1,,
1685,PT-TVI8-2.8-Install,340,0,Installation Type,Dropdown,1,3,,,7292,All Indoor Drop Ceiling Camera Installation,0,0,,,1,0,0,1,,
,,,,,,,,,,7293,1 Outdoor Camera + 3 Indoor Drop Ceiling Cameras,100,1,0,,0,0,0,1,,
,,,,,,,,,,7294,2 Outdoor Cameras + 2 Indoor Drop Ceiling Cameras,200,2,0,,0,0,0,1,,
,,,,,,,,,,7295,3 Outdoor Cameras + 1 Indoor Drop Ceiling Camera,300,3,0,,0,0,0,1,,
,,,,,,,,,,7296,4 Outdoor Cameras,400,4,0,,0,0,0,1,,
1687,PT-TVI8-2.8-Install,340,0,Network Run,Dropdown,1,5,,,7299,Connect to Customer Provided Network Switch (next to new DVR Location),0,0,,,1,0,0,1,,
,,,,,,,,,,7300,New CAT-5 Run up to 50' from DVR (no Vertical Drops),100,1,0,,0,0,0,1,,
,,,,,,,,,,7301,Net CAT-5 Run up to 50' from DVR (with Vertical Drop in-wall),200,2,#NAME?,,0,0,0,1,,
1689,PT-TVI8-2.8-Install,340,0,Technical Support,Dropdown,1,7,,,7307,No Ongoing Technical Support,0,0,,,1,0,0,1,,
,,,,,,,,,,7308,Remote Technical Support ($5/mo) Billed Yearly,60,1,#NAME?,,0,0,0,1,,
1686,PT-TVI8-2.8-Install,340,0,Vertical Drop,Dropdown,1,4,,,7297,DVR Installed in Electrical/IT Room with exposed Vertical Drop,0,0,,,1,0,0,1,,
,,,,,,,,,,7298,In-Drywall Vertical Drop for Camera cables to install DVR on Desk or room to hide vertical cable runs,100,1,#NAME?,,0,0,0,1,,
2067,PT-TVI8-2.8,341,0,Power Supply,Radio,1,3,,,9695,No Camera Power Supply,0,2,,,0,0,0,1,,
,,,,,,,,,,9696,Basic 12VDC Power Supplies,50,0,+12VSquid,,1,0,0,1,,
,,,,,,,,,,9697,Multi-Camera Regulated Power Box,105,1,-12,,0,0,0,1,,
1699,dPTAR324-4,345,0,Hard Drive Size,Dropdown,1,0,,,7345,No Hard Drive,-80,0,#NAME?,,0,0,0,1,,
,,,,,,,,,,7346,1 TB Hard Drive Installed,0,1,+1TB,,1,0,0,1,,
,,,,,,,,,,7347,2 TB Hard Drive Installed,30,2,+2TB,,0,0,0,1,,
,,,,,,,,,,7348,4 TB Hard Drive Installed,120,3,+4TB,,0,0,0,1,,
1700,dPTAR324-8,346,0,Hard Drive Size,Dropdown,1,0,,,7349,No Hard Drive,-90,0,#NAME?,,0,0,0,1,,
,,,,,,,,,,7350,1 TB Hard Drive Installed,-20,1,+1TB,,0,0,0,1,,
,,,,,,,,,,7351,2 TB Hard Drive Installed,0,2,+2TB,,1,0,0,1,,
,,,,,,,,,,7352,4 TB Hard Drive Installed,55,3,+4TB,,0,0,0,1,,
,,,,,,,,,,7353,6 TB Hard Drive Installed,140,4,+6TB,,0,0,0,1,,
1701,dPTAR324-16,347,0,Hard Drive Size,Dropdown,1,0,,,7354,No Hard Drive,-120,0,#NAME?,,0,0,0,1,,
,,,,,,,,,,7355,1 TB Hard Drive Installed,-50,1,+1TB,,0,0,0,1,,
,,,,,,,,,,7356,2 TB Hard Drive Installed,-30,2,+2TB,,0,0,0,1,,
,,,,,,,,,,7357,4 TB Hard Drive Installed,55,4,+4TB,,0,0,0,1,,
,,,,,,,,,,7358,6 TB Hard Drive Installed,130,5,+6TB,,0,0,0,1,,
,,,,,,,,,,7359,3 TB Hard Drive Installed,0,3,+3TB,,1,0,0,1,,
,,,,,,,,,,7360,12 TB Hard Drives Installed,390,6,+12TB,,0,0,0,1,,
1994,HD-9847,348,0,Edge Backup Recording,Dropdown,1,1,,,9432,No SD Card - No Backup Recording on Device,0,0,,,1,0,0,0,,
,,,,,,,,,,9433,256GB MicroSD Card for Backup/Edge Recording,85,1,+256GB,,0,0,0,0,,
1993,HD-9847,348,0,Mounting Bracket,Dropdown,0,0,,,9427,No Brackets Needed,0,0,,,1,0,0,1,,
,,,,,,,,,,9428,Wall Mount Bracket,85,1,#NAME?,,0,0,0,1,,
,,,,,,,,,,9429,Corner Mount Bracket,185,2,#NAME?,,0,0,0,1,,
,,,,,,,,,,9430,Pole Mount Bracket,185,3,#NAME?,,0,0,0,1,,
,,,,,,,,,,9431,"Pendant Mount Bracket (10"" drop with adapters)",115,4,#NAME?,,0,0,0,1,,
1797,PT-ASI7213X-T1,359,0,Brackets,Dropdown,1,2,,,8104,Wall Mount Bracket (included),0,0,,,1,0,0,0,,
,,,,,,,,,,8105,Floor Standing Metal Bracket,400,1,#NAME?,,0,0,0,0,,
1800,PT-ASI7213X-T1,359,0,Expedited Processing/Shipping,Dropdown,1,0,,,8118,Standard Processing (5-7 days),0,0,,,1,0,0,0,,
,,,,,,,,,,8119,Expedited Processing (1-3 days) - Jump to front of line,175,1,#NAME?,,0,0,0,0,,
1799,PT-ASI7213X-T1,359,0,Power Supply for Camera,Dropdown,1,4,,,8117,Individual 12VDC 2 Amp Power Supply,0,1,+12VDC2A,,1,0,0,0,,
1798,PT-ASI7213X-T1,359,0,Recorder for Alerting/Recording,Dropdown,0,3,,,8110,No recorder,0,0,,,1,0,0,0,,
,,,,,,,,,,8111,AVM Software License for Recording onto PC (up to 4 cameras),200,1,0,,0,0,0,0,,
,,,,,,,,,,8112,MicroNVR Recorder with AVM Software license and 1TB Hard Drive (up to 4 cameras),1199,2,#NAME?,,0,0,0,0,,
,,,,,,,,,,8113,MicroNVR Recorder with AVM Software license and 2TB Hard Drive (up to 4 cameras),1299,3,#NAME?,,0,0,0,0,,
,,,,,,,,,,8114,MicroNVR Recorder with AVM Software license and 4TB Hard Drive (up to 4 cameras),1399,4,#NAME?,,0,0,0,0,,
1983,HD-1417,363,0,Power Adapter,Dropdown,1,1,,,9395,Individual 12VDC Power Adapter,14.95,1,+12VDC,,0,0,0,0,,
,,,,,,,,,,9396,No Power Adapter - I will use PoE Instead,0,2,,,0,0,0,0,,
2081,HD-8448,364,0,Audio,Dropdown,1,0,,,9742,No Audio,0,0,,,1,0,0,0,,
2080,HD-8448,364,0,Color,DropImage,1,0,,,9740,White Housing Color,0,0,,assets/images/Products/Cameras/HD-8x17/thumbnails/hd-8x17_1_thumbnail.jpg,1,0,0,0,,
2079,HD-8448,364,0,Mounting Bracket,Dropdown,0,3,,,9734,No Brackets Needed,0,0,,,1,0,0,1,,
,,,,,,,,,,9737,Pole Mount Bracket,130,4,#NAME?,,0,0,0,1,,
,,,,,,,,,,9738,Wall Mount Bracket,75,3,#NAME?,,0,0,0,0,,
,,,,,,,,,,9739,Pendant Mount and Pendant Cap,85,5,#NAME?,,0,0,0,0,,
2084,HD-8848,365,0,Audio,Dropdown,1,0,,,9752,No Audio,0,0,,,1,0,0,0,,
2083,HD-8848,365,0,Color,DropImage,1,0,,,9750,White Housing Color,0,0,,assets/images/Products/Cameras/HD-8x17/thumbnails/hd-8x17_1_thumbnail.jpg,1,0,0,0,,
2082,HD-8848,365,0,Mounting Bracket,Dropdown,0,3,,,9744,No Brackets Needed,0,0,,,1,0,0,1,,
,,,,,,,,,,9747,Pole Mount Bracket,130,2,#NAME?,,0,0,0,1,,
,,,,,,,,,,9748,Wall Mount Bracket,75,1,#NAME?,,0,0,0,0,,
,,,,,,,,,,9749,Pendant Mount and Pendant Cap,85,3,#NAME?,,0,0,0,0,,
1839,HD-646,366,0,Cable Lengths,Radio,1,2,,,8303,No Cable,0,0,,,1,0,0,0,,
,,,,,,,,,,8304,1000' Box CAT-5 Cable w/RJ-45 Connectors,85,1,0,,0,0,0,0,,
1837,HD-646,366,0,Cameras,DropImage,1,0,,,8288,6 x HDB-5417 2K HD IR Bullet Cameras,0,0,#NAME?,assets/images/Products/Cameras/HD-IP/BH.jpg,1,0,0,0,,
,,,,,,,,,,8289,6 x HD-4417 2K MicroDomes,0,1,#NAME?,assets/images/Products/Cameras/HD-IP/IH.jpg,0,0,0,0,,
,,,,,,,,,,8290,2 x HD-4417 Domes + 4 x HD-5417 Bullets,0,6,#NAME?,assets/images/Products/Cameras/HD-IP/IHBH.jpg,0,0,0,0,,
,,,,,,,,,,8291,2 x HD-4417 Domes + 4 x HD-8417 Turrets,0,5,#NAME?,assets/images/Products/Cameras/HD-IP/IHTH.jpg,0,0,0,0,,
,,,,,,,,,,8292,4 x HD-4417 Domes + 2 x HDB-5417 Bullets,0,4,#NAME?,assets/images/Products/Cameras/HD-IP/IHBH.jpg,0,0,0,0,,
,,,,,,,,,,8293,4 x HD-4417 Domes + 2 x HD-8417 Turrets,0,3,#NAME?,assets/images/Products/Cameras/HD-IP/IHTH.jpg,0,0,0,0,,
,,,,,,,,,,8294,6 x HD-8417 2K Turret Cameras,0,2,#NAME?,assets/images/Products/Cameras/HD-IP/TH.jpg,0,0,0,0,,
1840,HD-646,366,0,PoE Switch,Radio,1,3,,,8305,2 x 4-Port PoE Switch (100Mbps),0,0,,,0,0,0,0,,
,,,,,,,,,,8306,2 x 4-Port PoE Switch (1Gbps),100,1,#NAME?,,0,0,0,0,,
1838,HD-646,366,0,Recording,DropImage,1,1,,,8295,AVM Software (6-IP Licenses),0,0,,assets/images/Products/AVM/Video_DVD_250x250.jpg,1,0,0,0,,
,,,,,,,,,,8296,MicroNVR (2TB),1299,2,#NAME?,assets/images/Products/PCs/MicroNVR.jpg,0,0,0,0,,
,,,,,,,,,,8297,Platinum NVR (4TB),1799,4,#NAME?,assets/images/Products/PCs/hdvr_1_thumbnail.jpg,0,0,0,0,,
,,,,,,,,,,8298,MicroNVR (1TB),1199,1,#NAME?,assets/images/Products/PCs/MicroNVR.jpg,0,0,0,0,,
,,,,,,,,,,8299,MicroNVR (4TB),1399,3,#NAME?,assets/images/Products/PCs/micronvr_thumbnail.jpg,0,0,0,0,,
,,,,,,,,,,8300,Rack Mount PlatinumNVR (8TB),1999,5,#NAME?,assets/images/Products/PCs/hdvr_1_thumbnail.jpg,0,0,0,0,,
,,,,,,,,,,8301,Rack Mount PlatinumNVR (16TB),2399,6,#NAME?,assets/images/Products/PCs/hdvr_1_thumbnail.jpg,0,0,0,0,,
,,,,,,,,,,8302,Rack Mount PlatinumNVR (24TB),2799,7,#NAME?,assets/images/Products/PCs/hdvr_1_thumbnail.jpg,0,0,0,0,,
2085,HD-LPR-ANPR,367,0,Mounting Bracket,Dropdown,0,3,,,9754,No Brackets Needed,0,0,,,1,0,0,1,,
,,,,,,,,,,9757,Pole Mount Bracket,65,1,#NAME?,,0,0,0,1,,
2090,HD-PTZ-2mAT,368,0,Audio,Dropdown,1,0,,,9772,No Audio,0,0,,,1,0,0,0,,
,,,,,,,,,,9773,Built-in Audio Microphone,30,1,#NAME?,,0,0,0,0,,
2089,HD-PTZ-2mAT,368,0,Color,DropImage,1,0,,,9770,White Housing Color,0,0,,assets/images/Products/Cameras/HD-8x17/thumbnails/hd-8x17_1_thumbnail.jpg,1,0,0,0,,
,,,,,,,,,,9771,Dark Gray Housing Color,5,1,#NAME?,assets/images/products/cameras/hd-8xx7/HD-8x17-DG-thumb.jpg,0,0,0,0,,
2088,HD-PTZ-2mAT,368,0,Mounting Bracket,Dropdown,0,3,,,9764,No Brackets Needed,0,0,,,1,0,0,1,,
,,,,,,,,,,9765,Weatherproof Junction Box,65,2,#NAME?,,0,0,0,1,,
,,,,,,,,,,9766,Indoor/Outdoor Junction Box,45,1,#NAME?,,0,0,0,1,,
,,,,,,,,,,9767,Pole Mount Bracket,130,4,#NAME?,,0,0,0,1,,
,,,,,,,,,,9768,Wall Mount Bracket,75,3,#NAME?,,0,0,0,0,,
,,,,,,,,,,9769,Pendant Mount and Pendant Cap,85,5,#NAME?,,0,0,0,0,,
2093,HD-PTZ-4mAT,369,0,Audio,Dropdown,1,0,,,9782,No Audio,0,0,,,1,0,0,0,,
,,,,,,,,,,9783,Built-in Audio Microphone,30,1,#NAME?,,0,0,0,0,,
2092,HD-PTZ-4mAT,369,0,Color,DropImage,1,0,,,9780,White Housing Color,0,0,,assets/images/Products/Cameras/HD-8x17/thumbnails/hd-8x17_1_thumbnail.jpg,1,0,0,0,,
,,,,,,,,,,9781,Dark Gray Housing Color,5,1,#NAME?,assets/images/products/cameras/hd-8xx7/HD-8x17-DG-thumb.jpg,0,0,0,0,,
2091,HD-PTZ-4mAT,369,0,Mounting Bracket,Dropdown,0,3,,,9774,No Brackets Needed,0,0,,,1,0,0,1,,
,,,,,,,,,,9775,Weatherproof Junction Box,65,2,#NAME?,,0,0,0,1,,
,,,,,,,,,,9776,Indoor/Outdoor Junction Box,45,1,#NAME?,,0,0,0,1,,
,,,,,,,,,,9777,Pole Mount Bracket,130,4,#NAME?,,0,0,0,1,,
,,,,,,,,,,9778,Wall Mount Bracket,75,3,#NAME?,,0,0,0,0,,
,,,,,,,,,,9779,Pendant Mount and Pendant Cap,85,5,#NAME?,,0,0,0,0,,
1882,PTIR7803-2,370,0,Mounting Bracket,Dropdown,0,3,,,8434,No Brackets Needed,0,0,,,1,0,0,1,,
,,,,,,,,,,8436,Indoor/Outdoor Junction Box,25,1,#NAME?,,0,0,0,1,,
1878,PTAC324-FD4M-2.8,371,0,Mounting Bracket,Dropdown,0,3,,,8420,No Brackets Needed,0,0,,,1,0,0,1,,
,,,,,,,,,,8421,Weatherproof Junction Box,65,2,#NAME?,,0,0,0,1,,
,,,,,,,,,,8422,Indoor/Outdoor Junction Box,45,1,#NAME?,,0,0,0,1,,
,,,,,,,,,,8423,Pole Mount Bracket,130,4,#NAME?,,0,0,0,1,,
,,,,,,,,,,8424,Wall Mount Bracket,75,3,#NAME?,,0,0,0,0,,
1881,PTAC344-VD4Z,372,0,Mounting Bracket,Dropdown,0,3,,,8429,No Brackets Needed,0,0,,,1,0,0,1,,
,,,,,,,,,,8431,Indoor/Outdoor Junction Box,45,1,#NAME?,,0,0,0,1,,
,,,,,,,,,,8432,Pole Mount Bracket,130,4,#NAME?,,0,0,0,1,,
,,,,,,,,,,8433,Wall Mount Bracket,75,3,#NAME?,,0,0,0,0,,
2094,HD-8418AI,373,0,Mounting Bracket,Dropdown,0,3,,,9784,No Brackets Needed,0,0,,,1,0,0,1,,
,,,,,,,,,,9786,Indoor/Outdoor Junction Box,45,1,#NAME?,,0,0,0,1,,
,,,,,,,,,,9787,Pole Mount Bracket,130,3,#NAME?,,0,0,0,1,,
,,,,,,,,,,9788,Wall Mount Bracket,75,2,#NAME?,,0,0,0,0,,
,,,,,,,,,,9789,Pendant Mount and Pendant Cap,85,4,#NAME?,,0,0,0,0,,
1996,DH-DB6I,392,0,MicroSD Card for Edge Recording,Dropdown,1,1,,,9439,No SD Card,0,0,,,1,0,0,0,,
,,,,,,,,,,9440,Optional 256GB MicroSD Card,65,1,+256GB,,0,0,0,0,,
2099,HD-8419,393,0,Audio,Dropdown,1,0,,,9802,No Audio,0,0,,,1,0,0,0,,
,,,,,,,,,,9803,Built-in Audio Microphone,30,1,#NAME?,,0,0,0,0,,
2098,HD-8419,393,0,Color,DropImage,1,0,,,9800,White Housing Color,0,0,,assets/images/Products/Cameras/HD-8x17/thumbnails/hd-8x17_1_thumbnail.jpg,1,0,0,0,,
2097,HD-8419,393,0,Mounting Bracket,Dropdown,0,3,,,9794,No Brackets Needed,0,0,,,1,0,0,1,,
,,,,,,,,,,9796,Indoor/Outdoor Junction Box,45,1,#NAME?,,0,0,0,1,,
,,,,,,,,,,9798,Wall Mount Bracket,75,2,#NAME?,,0,0,0,0,,
,,,,,,,,,,9799,Pendant Mount and Pendant Cap,85,3,#NAME?,,0,0,0,0,,
2102,HD-8819,394,0,Audio,Dropdown,1,0,,,9812,No Audio,0,0,,,1,0,0,0,,
,,,,,,,,,,9813,Built-in Audio Microphone,30,1,#NAME?,,0,0,0,0,,
2101,HD-8819,394,0,Color,DropImage,1,0,,,9810,White Housing Color,0,0,,assets/images/Products/Cameras/HD-8x17/thumbnails/hd-8x17_1_thumbnail.jpg,1,0,0,0,,
2100,HD-8819,394,0,Mounting Bracket,Dropdown,0,3,,,9804,No Brackets Needed,0,0,,,1,0,0,1,,
,,,,,,,,,,9806,Indoor/Outdoor Junction Box,45,1,#NAME?,,0,0,0,1,,
,,,,,,,,,,9808,Wall Mount Bracket & Junction Box,75,2,#NAME?,,0,0,0,0,,
,,,,,,,,,,9809,Pendant Mount and Pendant Cap,85,3,#NAME?,,0,0,0,0,,
2105,HD-8849,395,0,Audio,Dropdown,1,0,,,9822,No Audio,0,0,,,1,0,0,0,,
,,,,,,,,,,9823,Built-in Audio Microphone,30,1,#NAME?,,0,0,0,0,,
2103,HD-8849,395,0,Mounting Bracket,Dropdown,0,3,,,9814,No Brackets Needed,0,0,,,1,0,0,1,,
,,,,,,,,,,9816,Indoor/Outdoor Junction Box,45,1,#NAME?,,0,0,0,1,,
,,,,,,,,,,9817,Wall Mount Bracket & Junction Box,65,3,#NAME?,,0,0,0,1,,
,,,,,,,,,,9818,Wall Mount Bracket,45,2,#NAME?,,0,0,0,0,,
,,,,,,,,,,9819,Pendant Mount & Junction Box,125,4,#NAME?,,0,0,0,0,,
2009,DH-N45DUD2,396,0,Audio,Dropdown,1,1,,,9478,Built-in Audio Microphone,0,1,,,1,0,0,0,,
2006,DH-N45DUD2,396,0,MicroSD Card for Edge Recording,Dropdown,1,1,,,9468,No SD Card,0,0,,,1,0,0,0,,
,,,,,,,,,,9469,Optional 256GB MicroSD Card,65,1,+256GB,,0,0,0,0,,
2007,DH-N45DUD2,396,0,Mounting Bracket,Dropdown,1,0,,,9470,No Brackets Needed,0,0,,,1,0,0,1,,
,,,,,,,,,,9472,Indoor/Outdoor Junction Box,45,1,0,,0,0,0,1,,
2108,HD-8449,399,0,Audio,Dropdown,1,0,,,9832,No Audio,0,0,,,1,0,0,0,,
,,,,,,,,,,9833,Built-in Audio Microphone,30,1,#NAME?,,0,0,0,0,,
2106,HD-8449,399,0,Mounting Bracket,Dropdown,0,3,,,9824,No Brackets Needed,0,0,,,1,0,0,1,,
,,,,,,,,,,9826,Indoor/Outdoor Junction Box,45,1,#NAME?,,0,0,0,1,,
,,,,,,,,,,9828,Wall Mount Bracket,45,2,#NAME?,,0,0,0,0,,
,,,,,,,,,,9829,Pendant Mount & Junction Box,125,4,#NAME?,,0,0,0,0,,
,,,,,,,,,,9905,Wall Mount Bracket & Junction Box,65,3,#NAME?,,0,0,0,0,,
2061,HD-8219,404,0,Audio,Dropdown,1,0,,,9648,No Audio,0,0,,,1,0,0,0,,
,,,,,,,,,,9649,Built-in Audio Microphone,30,1,#NAME?,,0,0,0,0,,
2062,HD-8219,404,0,Mounting Bracket,Dropdown,0,3,,,9650,No Brackets Needed,0,0,,,1,0,0,0,,
,,,,,,,,,,9651,Weatherproof Junction Box,65,2,#NAME?,,0,0,0,0,,
,,,,,,,,,,9652,Indoor/Outdoor Junction Box,45,1,#NAME?,,0,0,0,0,,
,,,,,,,,,,9653,Pole Mount Bracket,130,4,#NAME?,,0,0,0,0,,
,,,,,,,,,,9654,Wall Mount Bracket,75,3,#NAME?,,0,0,0,0,,
,,,,,,,,,,9655,Pendant Mount and Pendant Cap,85,5,#NAME?,,0,0,0,0,,
2127,PTP,406,0,Bracket,Dropdown,0,1,,,9903,PTP/PTMP Antenna Mount - Universal,29.95,1,PT-UB-AM,,0,0,0,0,,
2128,PTMP,408,0,Bracket,Dropdown,0,1,,,9904,PTP/PTMP Antenna Mount - Universal,29.95,1,PT-UB-AM,,0,0,0,0,,
2063,AVM-Software,460,0,Number of IP Licenses,Dropdown,1,0,,,9656,4 IP Camera Licenses,0,0,-4,,1,0,0,1,,
,,,,,,,,,,9657,5 IP Camera Licenses,100,1,-5,,0,0,0,1,,
,,,,,,,,,,9658,6 IP Camera Licenses,200,2,-6,,0,0,0,1,,
,,,,,,,,,,9659,7 IP Camera Licenses,300,3,-7,,0,0,0,1,,
,,,,,,,,,,9660,8 IP Camera Licenses,400,4,-8,,0,0,0,1,,
,,,,,,,,,,9661,9 IP Camera Licenses,500,5,-9,,0,0,0,1,,
,,,,,,,,,,9662,10 IP Camera Licenses,600,6,-10,,0,0,0,1,,
,,,,,,,,,,9663,11 IP Camera Licenses,700,7,-11,,0,0,0,1,,
,,,,,,,,,,9664,12 IP Camera Licenses,800,8,-12,,0,0,0,1,,
,,,,,,,,,,9665,13 IP Camera Licenses,900,9,-13,,0,0,0,1,,
,,,,,,,,,,9666,14 IP Camera Licenses,1000,10,-14,,0,0,0,1,,
,,,,,,,,,,9667,15 IP Camera Licenses,1100,11,-15,,0,0,0,1,,
,,,,,,,,,,9668,16 IP Camera Licenses,1200,12,-16,,0,0,0,1,,
,,,,,,,,,,9669,17 IP Camera Licenses,1300,13,-17,,0,0,0,1,,
,,,,,,,,,,9670,18 IP Camera Licenses,1400,14,-18,,0,0,0,1,,
,,,,,,,,,,9671,19 IP Camera Licenses,1500,15,-19,,0,0,0,1,,
,,,,,,,,,,9672,20 IP Camera Licenses,1600,16,-20,,0,0,0,1,,
,,,,,,,,,,9673,21 IP Camera Licenses,1700,17,-21,,0,0,0,1,,
,,,,,,,,,,9674,22 IP Camera Licenses,1800,18,-22,,0,0,0,1,,
,,,,,,,,,,9675,23 IP Camera Licenses,1900,19,-23,,0,0,0,1,,
,,,,,,,,,,9676,24 IP Camera Licenses,2000,20,-24,,0,0,0,1,,
,,,,,,,,,,9677,25 IP Camera Licenses,2100,21,-25,,0,0,0,1,,
,,,,,,,,,,9678,26 IP Camera Licenses,2200,22,-26,,0,0,0,1,,
,,,,,,,,,,9679,27 IP Camera Licenses,2300,23,-27,,0,0,0,1,,
,,,,,,,,,,9680,28 IP Camera Licenses,2400,24,-28,,0,0,0,1,,
,,,,,,,,,,9681,29 IP Camera Licenses,2500,25,-29,,0,0,0,1,,
,,,,,,,,,,9682,30 IP Camera Licenses,2600,26,-30,,0,0,0,1,,
,,,,,,,,,,9683,31 IP Camera Licenses,2700,27,-31,,0,0,0,1,,
,,,,,,,,,,9684,32 IP Camera Licenses,2800,28,-32,,0,0,0,1,,
2109,HD-LPR-LR,462,0,Mounting Bracket,Dropdown,0,3,,,9834,No Brackets Needed,0,0,,,1,0,0,1,,
,,,,,,,,,,9837,Pole Mount Bracket,65,1,PT-PM-BU,,0,0,0,1,,
2113,CAT5e-in,484,0,Cable Color,Dropdown,1,1,,,9848,White,0,0,#NAME?,,1,0,0,0,,
2114,CAT5e-CMP-in,486,0,Cable Color,Dropdown,1,1,,,9854,Blue,0,0,#NAME?,,1,0,0,0,,
2115,CAT5e-CMX-in,487,0,Cable Color,Dropdown,1,1,,,9856,White,0,0,#NAME?,,1,0,0,0,,
,,,,,,,,,,9857,Black,9.9,1,#NAME?,,0,0,0,0,,
,,,,,,,,,,9859,Gray,12.75,2,#NAME?,,0,0,0,0,,
2116,CAT6e-in,488,0,Cable Color,Dropdown,1,1,,,9860,White,0,0,#NAME?,,1,0,0,0,,
,,,,,,,,,,9861,Black,39,1,#NAME?,,0,0,0,0,,
2117,CAT6e-CMP-in,489,0,Cable Color,Dropdown,1,1,,,9866,Blue,0,0,#NAME?,,1,0,0,0,,
2120,LIFT-19S,499,0,Timeframe,Dropdown,1,1,,,9872,Daily,404,1,#NAME?,,0,0,0,0,,
,,,,,,,,,,9873,Weekly,804,2,#NAME?,,0,0,0,0,,
,,,,,,,,,,9874,Monthly,1404,3,#NAME?,,0,0,0,0,,
2122,LIFT-26S,502,0,Timeframe,Dropdown,1,1,,,9875,Daily,504,1,#NAME?,,0,0,0,0,,
,,,,,,,,,,9876,Weekly,904,2,#NAME?,,0,0,0,0,,
,,,,,,,,,,9877,Monthly,1604,3,#NAME?,,0,0,0,0,,
2123,LIFT-32S,507,0,Timeframe,Dropdown,1,1,,,9878,Daily,604,1,#NAME?,,0,0,0,0,,
,,,,,,,,,,9879,Weekly,1104,2,#NAME?,,0,0,0,0,,
,,,,,,,,,,9880,Monthly,1904,3,#NAME?,,0,0,0,0,,
2124,LIFT-40S,510,0,Timeframe,Dropdown,1,1,,,9881,Daily,704,1,#NAME?,,0,0,0,0,,
,,,,,,,,,,9882,Weekly,1304,2,#NAME?,,0,0,0,0,,
,,,,,,,,,,9883,Monthly,2204,3,#NAME?,,0,0,0,0,,
2125,LIFT-34B,513,0,Timeframe,Dropdown,1,1,,,9884,Daily,974,1,#NAME?,,0,0,0,0,,
,,,,,,,,,,9885,Weekly,2174,2,#NAME?,,0,0,0,0,,
,,,,,,,,,,9886,Monthly,5874,3,#NAME?,,0,0,0,0,,
2126,LIFT-50B,516,0,Timeframe,Dropdown,1,1,,,9887,Daily,1174,1,#NAME?,,0,0,0,0,,
,,,,,,,,,,9888,Weekly,2474,2,#NAME?,,0,0,0,0,,
,,,,,,,,,,9889,Monthly,6274,3,#NAME?,,0,0,0,0,,
2118,CAT6e-CMX-in,519,0,Cable Color,Dropdown,1,1,,,9867,White,0,0,#NAME?,,1,0,0,0,,
,,,,,,,,,,9868,Black,2.1,1,#NAME?,,0,0,0,0,,
2119,CAT6e-Shield-in,520,0,Cable Color,Dropdown,1,1,,,9871,Black,0,1,#NAME?,,1,0,0,0,,
2132,SVC-PAH-Year,530,0,Proactive System Initial Setup,Dropdown,1,1,,,9916,Initial Setup (per NVR) - Resetters + Software Config,1250,1,#NAME?,,0,0,0,0,,
,,,,,,,,,,9918,Initial Setup Already Completed,0,0,,,1,0,0,0,,
