id,name,categories,price,saleprice,sorting,thumbnail,image1,image2,image3,image4,extra_field_1,extra_field_2,extra_field_3,extra_field_4,extra_field_5,hide_1,hide_2,hide_3,filename,description
"AC-BNC-59","BNC Crimp Connector for RG-59 Coaxial cable","Accessories/Connectors","0.95","0.95","0","assets/images/products/accessories/ac-bnc/ac-bnc_2_400x335_thumbnail.jpg","assets/images/products/accessories/AC-BNC/AC-BNC_2_400x335.jpg","","","","","","","","","0","0","0","bnc-crimp-connector-rg59",""
"AC-BNC-T59","BNC TWIST-ON Connector for RG-59 Coaxial cable","Accessories/Connectors","0.95","0.95","0","assets/images/products/accessories/ac-bnc-t59/acbnct59_1_400x373_thumbnail.jpg","assets/images/products/Accessories/AC-BNC-T59/ACBNCT59_1_400x373.jpg","","","","","","","","","0","0","0","bnc-twist-connector-rg59",""
"AW-21","2.1mm Female CCTV Barrel power connector w/terminal block","Accessories/Connectors","1.50","1.50","0","assets/images/products/accessories/aw-21/aw-21_1_500x375_thumbnail.jpg","assets/images/products/Accessories/AW-21/AW-21_1_500x375.jpg","assets/images/products/Accessories/AW-21/AW-21_2_500x375.jpg","assets/images/products/Accessories/AW-21/AW-21_3_500x426.jpg","","","","","","","0","0","0","barrel-power-connector",""
"AW-21M","2.1mm Male CCTV Barrel power connector","Accessories/Connectors","1.50","1.50","0","assets/images/products/accessories/aw-21m/aw-21m_1_500x375_thumbnail.jpg","assets/images/products/Accessories/AW-21M/AW-21M_1_500x375.jpg","assets/images/products/Accessories/AW-21M/AW-21M_2_500x375.jpg","assets/images/products/Accessories/AW-21M/AW-21M_3_500x375.jpg","","","","","","","0","0","0","male-barrel-power-connector",""
"BNC-C-59","BNC Weatherproof Compression Fittings for RG-59 Coaxial Cable","Accessories/Connectors","2.00","2.00","0","assets/images/products/accessories/bnc-c-59/bnc-c-59_1_400x300_thumbnail.jpg","assets/images/products/accessories/BNC-C-59/BNC-C-59_1_400x300.jpg","","","","","","","","","0","0","0","bnc-compression-connector-rg59",""
"BNCRCA-1","BNC to RCA adapter","Accessories/Connectors","0.95","0.95","0","assets/images/products/accessories/bnc-rca-1/bncrca1_300x225_thumbnail.jpg","assets/images/products/accessories/bnc-rca-1/bncrca1_300x225.jpg","","","","","","","","","0","0","0","bnc-rca-adapter",""
"BNCRCA-2","BNC (F) to RCA (M) Adapter","Accessories/Connectors","0.95","0.95","0","assets/images/products/accessories/bnc-rca-2/bnc-rca-2_1_250x250_thumbnail.jpg","assets/images/products/Accessories/BNC-RCA-2/BNC-RCA-2_1_250x250.jpg","","","","","","","","","0","0","0","bnc-rca-adapter-2",""
"BNC-S","BNC-S Splice Connector for extending your BNC cables","Accessories/Connectors","0.95","0.95","0","assets/images/products/accessories/bnc-s/bnc-s_1_500x375_thumbnail.jpg","assets/images/products/accessories/BNC-S/BNC-S_1_500x375.jpg","assets/images/products/accessories/BNC-S/BNC-S_2_500x375.jpg","assets/images/products/accessories/BNC-S/BNC-S_3_500x375.jpg","","","","","","","0","0","0","bnc-splice-connector",""
"BNC-T","BNC T-Connector for splitting 1 camer a feed to 2 outputs","Accessories/Connectors","0.95","0.95","0","assets/images/products/accessories/bnc-t/bnc-t_1_500x375_thumbnail.jpg","assets/images/products/accessories/BNC-T/BNC-T_1_500x375.jpg","assets/images/products/accessories/BNC-T/BNC-T_2_500x375.jpg","assets/images/products/accessories/BNC-T/BNC-T_3_500x375.jpg","assets/images/products/accessories/BNC-T/BNC-T_4_500x375.jpg","","","","","","0","0","0","bnc-t-connector",""
"DQ-18-18-5","DVR Lockbox with Cooling Fan (18""x18""x5"")","Accessories/DVR Lockboxes","149.95","149.95","0","assets/images/products/accessories/dvrlockbox/dq-18-18-5_1_500x371_thumbnail.jpg","assets/images/products/Accessories/DVRLockbox/DQ-18-18-5_1_500x371.jpg","assets/images/products/accessories/DVRLockbox/DQ-18-18-5_2_500x320.jpg","assets/images/products/accessories/DVRLockbox/DQ-18-18-5_3_500x455.jpg","","","","","","","0","0","0","dvr-lockbox-1",""
"DQ-21-21-8","Large DVR and PC-DVR Lockbox with Cooling Fan (21""x21""x8"")","Accessories/DVR Lockboxes","159.95","159.95","0","assets/images/products/accessories/dvrlockbox/dq-18-18-5_1_500x371_thumbnail.jpg","assets/images/products/Accessories/DVRLockbox/DQ-18-18-5_1_500x371.jpg","assets/images/products/accessories/DVRLockbox/DQ-18-18-5_2_500x320.jpg","assets/images/products/accessories/DVRLockbox/DQ-18-18-5_3_500x455.jpg","","","","","","","0","0","0","dvr-lockbox-2",""
"PWR12","12 VDC Power Adapter for CCTV Cameras and Accessories","Accessories/Power Supplies","6.50","6.50","0","assets/images/products/accessories/pwr12/pwr12_1_300x225_thumbnail.jpg","assets/images/products/accessories/pwr12/pwr12_1_300x225.jpg","","","","","","","","","0","0","0","individual-12vdc-power-adapter",""
"PWR12-1A","12 VDC Power Adapter for CCTV Cameras and Accessories","Accessories/Power Supplies","12.50","12.50","0","assets/images/products/accessories/pwr12/thumbnails/pwr12_1_300x225_thumbnail.jpg","assets/images/Products/Accessories/PWR12/pwr12_1_300x225_thumbnail.jpg","","","","","","","","","0","0","0","12vdc-1a-camera-power-supply",""
"PWR16-12","16 - Camera Fused Distributed Power Supply Box with A/C power cord","Accessories/Power Supplies","165.95","165.95","0","assets/images/products/accessories/pwr9-12/pwr9-12_thumbnail.jpg","assets/images/products/accessories/PWR9-12/PWR9-12.jpg","","","","","","","","","0","0","0","16-camera-power-supply-box",""
"PWR24","24-Volt AC (VAC) Power Adapter for CCTV Cameras and Accessories","Accessories/Power Supplies","24.95","24.95","0","assets/images/products/accessories/pwr24/pwr24_1_300x225_thumbnail.jpg","assets/images/products/accessories/PWR24/PWR24_1_300x225.jpg","","","","","","","","","0","0","0","24vac-camera-power-adapter",""
"PWR4-12","4 - Camera PTC Fused Distributed Power Supply Box with A/C power cord","Accessories/Power Supplies","74.00","74.00","0","assets/images/products/accessories/pwr4-12/pwr4-12_thumbnail.jpg","assets/images/products/accessories/PWR4-12/PWR4-12.jpg","","","","","","","","","0","0","0","4-camera-power-supply",""
"PWR9","9-Volt DC Power Adapter for CCTV Cameras and Accessories","Accessories/Power Supplies","6.50","6.50","0","assets/images/products/accessories/pwr12/pwr12_1_300x225_thumbnail.jpg","assets/images/products/accessories/PWR12/PWR12_1_300x225.jpg","","","","","","","","","0","0","0","9vdc-camera-power-adapter",""
"PWR9-12","9 - Camera PTC Fused UL Listed Distributed Power Supply Box with A/C power cord","Accessories/Power Supplies","105.95","105.95","0","assets/images/products/accessories/pwr9-12/pwr9-12_thumbnail.jpg","assets/images/products/accessories/PWR9-12/PWR9-12.jpg","","","","","","","","","0","0","0","9-camera-power-supply",""
"RG-59U","500' Spool BLACK RG-59 Siamesed Power/Video Cable with RG-59 Coaxial Video and pair 18 GA Power Wire","Accessories/Cables","175.95","175.95","0","assets/images/products/accessories/rg-59u/rg-59ub_1_450x300_thumbnail.jpg","assets/images/products/Accessories/RG-59U/RG-59UB_1_450x300.jpg","","","","","","","","","0","0","0","rg59-siamese-power-video-cable",""
"RG-59U-1000","1000' Spool BLACK RG-59 Siamesed CCTV Power/Video Cable with RG-59 Coaxial Video and pair 18 GA Power Wire","Accessories/Cables","245.95","245.95","0","assets/images/products/accessories/rg-59u/rg-59ub_1_450x300_thumbnail.jpg","assets/images/products/Accessories/RG-59U/RG-59UB_1_450x300.jpg","","","","","","","","","0","0","0","1000ft-rg59-siamese-power-video-cable",""
"RS-001","RS-232 to RS-485 Adapter for PTZ Control by DVR PC","","35.95","35.95","0","assets/images/products/accessories/rs-001/rs-001_1_400x300_thumbnail.jpg","assets/images/products/accessories/rs-001/rs-001_1_400x300.jpg","","","","","","","","","0","0","0","rs232-rs485-adapter",""
"PTAR324-4","4-Channel HD-TVI and Analog Standalone DVR with Plug-N-Play Instant Remote Access","DVRs & NVRs/CCTV DVRs (Analog)@DVRs & NVRs/HDVRs (HD-over-Coax)","295.00","245.00","0","assets/images/products/standalones/dvr-8804rt/dvr-8804rt_1_500x375_thumbnail.jpg","assets/images/products/standalones/dvr-8804rt/dvr-8804rt_1_500x375.jpg","assets/images/Products/Standalones/DVR-8804RT/DVR-8804RT_2_500x375.jpg","assets/images/Products/Standalones/DVR-8804RT/DVR-8804RT_4_500x375.jpg","assets/images/Products/Standalones/DVR-8804RT/DVR-8804RT_7_500x375.jpg","","","","","","0","1","0","4-camera-hd-tvi-dvr",""
"PTAR324-8","8-Channel 1080P HD-TVI Standalone DVR with Analog and HD-TVI Support and P2P Remote Access","DVRs & NVRs/CCTV DVRs (Analog)@DVRs & NVRs/HDVRs (HD-over-Coax)","395.00","355.00","0","assets/images/products/standalones/dvr-8808rt/dvr-8808rt_1_500x375_thumbnail.jpg","assets/images/products/standalones/dvr-8808rt/dvr-8808rt_1_500x375.jpg","assets/images/Products/Standalones/DVR-8808RT/DVR-8808RT_2_500x375.jpg","assets/images/Products/Standalones/DVR-8808RT/DVR-8808RT_3_500x375.jpg","assets/images/Products/Standalones/DVR-8808RT/DVR-8808RT_4_500x375.jpg","","","","","","0","1","0","8-camera-hd-tvi-dvr",""
"PTAR324-16","16-Channel HD-TVI Standalone DVR with Analog and HD-TVI Camera Support","DVRs & NVRs/CCTV DVRs (Analog)@DVRs & NVRs/HDVRs (HD-over-Coax)","625.00","535.00","0","assets/images/products/standalones/dvr-8808rt/dvr-8808rt_1_500x375_thumbnail.jpg","assets/images/products/standalones/dvr-8808rt/dvr-8808rt_1_500x375.jpg","assets/images/Products/Standalones/DVR-8808RT/DVR-8808RT_2_500x375.jpg","assets/images/Products/Standalones/DVR-8808RT/DVR-8808RT_3_500x375.jpg","assets/images/Products/Standalones/DVR-8816RT/DVR-8816RT_8_500x375.jpg","","","","","","0","1","0","16-camera-hd-tvi-dvr",""
"HD-206","2 Camera HD 1080P 2 MegaPixel IP NVR System","Home Camera Systems/AVM Camera Systems/AVM HD IP Systems@Home Camera Systems/AVM Camera Systems@Business Camera Systems/Restaurant Security Cameras/Restaurant AVM HD-IP Systems","375.00","345.00","0","assets/images/products/packages/avm/hd-206_thumbnail.jpg","assets/images/products/packages/avm/hd-206.jpg","","","","","","","","","0","1","0","2-camera-avm-hdip-system",""
"HD-406","4 Camera HD-IP 1080P NVR System","Home Camera Systems/AVM Camera Systems/AVM HD IP Systems@Home Camera Systems/AVM Camera Systems@Business Camera Systems/Restaurant Security Cameras/Restaurant AVM HD-IP Systems","665.00","600.00","0","assets/images/products/packages/avm/hd-406-_thumbnail.jpg","assets/images/products/packages/avm/hd-406-.jpg","","","","","","","","","0","1","0","4-camera-avm-hdip-system",""
"HD-806","8 Camera 1080P HD-IP NVR System","Home Camera Systems/AVM Camera Systems/AVM HD IP Systems@Home Camera Systems/AVM Camera Systems@Business Camera Systems/Restaurant Security Cameras/Restaurant AVM HD-IP Systems","1930.00","1850.00","0","assets/images/products/packages/avm/hd-806_thumbnail.jpg","assets/images/products/packages/avm/hd-806.jpg","","","","","","","","","0","1","0","8-camera-avm-hdip-system",""
"HD-1206","12 Camera 1080P HD-IP NVR System","Home Camera Systems/AVM Camera Systems/AVM HD IP Systems@Home Camera Systems/AVM Camera Systems@Business Camera Systems/Restaurant Security Cameras/Restaurant AVM HD-IP Systems","2995.00","2750.00","0","assets/images/products/packages/avm/hd-1206_thumbnail.jpg","assets/images/products/packages/avm/hd-1206.jpg","","","","","","","","","0","1","0","12-camera-avm-hdip-system",""
"HD-1606","16 Camera 1080P HD-IP NVR System","Home Camera Systems/AVM Camera Systems/AVM HD IP Systems@Home Camera Systems/AVM Camera Systems@Business Camera Systems/Restaurant Security Cameras/Restaurant AVM HD-IP Systems","4060.00","3850.00","0","assets/images/products/packages/avm/hd-1606_thumbnail.jpg","assets/images/products/packages/avm/hd-1606.jpg","","","","","","","","","0","1","0","16-camera-avm-hdip-system",""
"NETCAM","Alnet NetStation NVR Software for DIY IP Camera Recording","DVRs & NVRs/NVR Software (DIY)","400.00","200.00","0","assets/images/products/cards/netstationdvr/netstationdvr_thumbnail.jpg","assets/images/products/cards/netstationdvr/netstationdvr.jpg","","","","","","","","","0","1","0","alnet-net-station-nvr-ip-software",""
"MicroNVR","AVM MicroNVR - NVR for IP Camera Recording","DVRs & NVRs/NVR Recorders (IP Cameras)","1399.00","1095.00","0","assets/images/products/pcs/micronvr_thumbnail.jpg","assets/images/products/pcs/micronvr.jpg","","","","","","","","","0","1","1","avm-micronvr",""
"PlatinumNVR","AVM NVR - Rackmount NVR for HD-IP Cameras","DVRs & NVRs/NVR Recorders (IP Cameras)","1899.00","1699.00","0","assets/images/products/pcs/hdvr_1_thumbnail.jpg","assets/images/products/pcs/hdvr_1.jpg","","","","","","","","","0","1","0","avm-platinum-nvr",""
"ADDIPs","Add IP Licenses to AVM NVR IP Camera Systems","DVRs & NVRs/NVR Recorders (IP Cameras)","100.00","100.00","0","assets/images/products/cards/netstationdvr/netstationdvr_thumbnail.jpg","assets/images/products/cards/netstationdvr/netstationdvr.jpg","","","","","","","","","0","1","0","add-ips-avm",""
"STICKER1","Surveillance 4"" Sticker for Indoor/Outdoor use","Accessories/Stickers and Signs","1.50","1.50","0","assets/images/sticker1_thumbnail.jpg","assets/images/sticker1.jpg","","","","","","","","","0","0","0","cctv-sticker-1",""
"STICKER2","Surveillance 4"" Sticker for Indoor/Outdoor use for Audio and Video recording ","Accessories/Stickers and Signs","1.50","1.50","0","assets/images/products/accessories/sticker2/sticker2a_thumbnail.jpg","assets/images/products/accessories/sticker2/sticker2a.jpg","","","","","","","","","0","0","0","cctv-sticker-2",""
"STICKER3","Surveillance 4"" Sticker for Indoor/Outdoor usage ","Accessories/Stickers and Signs","1.50","1.50","0","assets/images/products/accessories/sticker3/sticker3_450x450_thumbnail.jpg","assets/images/products/accessories/sticker3/sticker3_450x450_thumbnail.jpg","","","","","","","","","0","0","0","cctv-sticker-3",""
"CCTVSign1","Metal CCTV Sign 12"" x 18"" Outdoor Aluminum Weatherproof","Accessories/Stickers and Signs","40.00","40.00","0","assets/images/products/accessories/cctvsign-1218/cctvsign-1218_1_300x450_thumbnail.jpg","assets/images/products/accessories/cctvsign-1218/cctvsign-1218_1_300x450.jpg","","","","","","","","","0","0","0","cctv-sign-1",""
"CCTVSign2","Metal CCTV Sign 12"" x 18"" Outdoor Aluminum Weatherproof","Accessories/Stickers and Signs","40.00","40.00","0","assets/images/products/accessories/cctvsign2-1218/cctvsign2-1218_450x450_thumbnail.jpg","assets/images/products/accessories/cctvsign2-1218/cctvsign2-1218_450x450.jpg","","","","","","","","","0","0","0","cctv-sign-2",""
"CCTVSign3","Metal CCTV Sign 12"" x 18"" Outdoor Aluminum Weatherproof ""No Dumping Allowed""","Accessories/Stickers and Signs","40.00","40.00","0","assets/images/products/accessories/cctvsign5/cctv-sign-4_thumbnail.jpg","assets/images/products/accessories/cctvsign5/cctv-sign-4.png","","","","","","","","","0","0","0","cctv-sign-3",""
"PoE-4M","4-Port PoE Switch 100 Mbps for IP Cameras (4 ports PoE, 4 ports Non-PoE)","Accessories/PoE Switches","85.00","85.00","0","assets/images/products/poes/poe4_1_thumbnail.jpg","assets/images/products/poes/poe4_1.jpg","assets/images/Products/PoEs/PoE4_2.jpg","assets/images/Products/PoEs/PoE4_3.jpg","assets/images/Products/PoEs/PoE4_4.jpg","","","4","","","0","0","0","poe4",""
"PoE-4G","4-Port PoE Switch 1000 Mbps for IP Cameras (4 ports PoE, 4 port non PoE)","Accessories/PoE Switches","135.95","135.95","0","assets/images/products/poes/poe4g_1_thumbnail.jpg","assets/images/products/poes/poe4g_1.jpg","assets/images/Products/PoEs/PoE4G_2.jpg","","","","","4","","","0","0","0","gigabit-poe4",""
"SVC-Call-A8","On-Site Service Call to Customer Site - Zone A","Labor/SVC-Call","69.95","69.95","0","","","","","","8","","","","","0","0","0","",""
"SVC-Server","Labor to Setup Server on-site prior to camera Installation","","200.00","200.00","0","","","","","","","","","","","1","1","0","",""
"SVC-PF","Labor to Remotely Port Forward for DVR/NVR/HDVR System","Labor/Special Labor","35.95","35.95","0","","","","","","","","","","","1","0","0","",""
"SVC-Config1","Labor to Configure IP addresses for Cameras & Add to NVR Server","Labor/Special Labor","99.95","99.95","0","","","","","","","","","","","0","0","0","",""
"SVC-Config2","Labor to Configure NVR/DVR software on Client's PC Remotely","Labor/Special Labor","99.95","99.95","0","","","","","","","","","","","1","1","0","",""
"SVC-TRN","Labor for Remote Setup for Client PCs, Internet Setup and Setup for Remote Access on Phones/Devices with Training","Labor/Special Labor","99.95","99.95","0","","","","","","","","","","","1","0","0","",""
"SVC-HR","Labor for Installation/Diagnosis or Repair of Cameras (on-site) per hour","Labor/Special Labor","99.95","99.95","0","","","","","","","","","","","1","1","0","",""
"STICKER4","Surveillance 4"" Sticker for Indoor/Outdoor usage","Accessories/Stickers and Signs","1.50","1.50","0","assets/images/products/accessories/sticker4/sticker4_thumbnail.jpg","assets/images/products/accessories/sticker4/sticker4.jpg","","","","","","","","","0","0","0","cctv-sticker4",""
"SVC-Export","Labor to Remotely Search for video and export to AVI ","","49.95","49.95","0","","","","","","","","","","","0","1","0","",""
"SVC-IPServer","Labor to Remotely setup Alnet NVR server software on customer's PC, setup IP addresses, configure IP cameras for recording + Remote network setup","Labor/Special Labor","99.95","99.95","0","","","","","","","","","","","0","0","0","",""
"HD-WMT","Wall Mount Brackets for HD IP cameras","Hardware/Mounts","85.00","85.00","0","assets/images/products/accessories/thumbnails/hd-brackets-8466_thumbnail.jpg","assets/images/Products/Accessories/HD-Brackets-8466.jpg","assets/images/Products/Accessories/HD-Brackets-8469.jpg","","","","","","","","0","0","0","hd-ip-camera-wall-bracket",""
"HD-PDT","Pendant (Ceiling) Mount Brackets for Platinum CCTV HD IP cameras","Hardware/Mounts","115.00","115.00","0","assets/images/products/accessories/thumbnails/hd-brackets-8478_thumbnail.jpg","assets/images/Products/Accessories/HD-Brackets-8478.jpg","assets/images/Products/Accessories/HD-Brackets-8481.jpg","","","","","","","","0","0","0","hd-ip-camera-pendant-bracket",""
"HD-CMA","Corner Mount Adapter Plate for Platinum CCTV HD IP cameras","Hardware/Mounts","115.00","115.00","0","assets/images/products/accessories/thumbnails/hd-brackets-8487_thumbnail.jpg","assets/images/Products/Accessories/HD-Brackets-8487.jpg","assets/images/Products/Accessories/HD-Brackets-8488.jpg","","","","","","","","0","0","0","hd-ip-camera-corner-adapter",""
"dMicroNVR","AVM MicroNVR - NVR for IP Camera Recording (DEALER ONLY)","DVRs & NVRs/NVR Recorders (IP Cameras)","1599.00","995.00","0","assets/images/products/pcs/micronvr_thumbnail.jpg","assets/images/products/pcs/micronvr.jpg","","","","","","","","","1","0","0","avm-micronvr-dealer",""
"dPlatinumNVR","AVM NVR - Rackmount NVR for HD-IP Cameras (DEALER ONLY)","DVRs & NVRs/NVR Recorders (IP Cameras)","1899.00","1499.00","0","assets/images/products/pcs/hdvr_1_thumbnail.jpg","assets/images/products/pcs/hdvr_1.jpg","","","","","","","","","1","0","0","avm-platinum-nvr-dealer",""
"dADDIPs","Add IP Licenses to NETCAM IP Camera Systems (DEALER ONLY)","DVRs & NVRs/NVR Recorders (IP Cameras)","100.00","100.00","0","assets/images/products/cards/netstationdvr/netstationdvr_thumbnail.jpg","assets/images/products/cards/netstationdvr/netstationdvr.jpg","","","","","","","","","1","0","0","add-ips-avm-dealer",""
"dAN-ADDIPs","Add IP Licenses to AVM Analog and HD-SDI Systems (DEALER ONLY)","DVRs & NVRs/NVR Recorders (IP Cameras)","400.00","400.00","0","assets/images/products/cards/netstationdvr/netstationdvr_thumbnail.jpg","assets/images/products/cards/netstationdvr/netstationdvr.jpg","","","","","","","","","1","0","0","an-add-ips-avm-dealer",""
"SVC-HR-AH","Labor for Installation/Diagnosis or Repair of Cameras (on-site) per hour AFTER HOURS","Labor/Special Labor","99.95","99.95","0","","","","","","","","","","","1","1","0","",""
"dNETCAM","AVM NETCAM IP Camera NVR Software  (DEALER ONLY)","DVRs & NVRs/NVR Recorders (IP Cameras)","400.00","200.00","0","assets/images/products/cards/netstationdvr/netstationdvr_thumbnail.jpg","assets/images/products/cards/netstationdvr/netstationdvr.jpg","","","","","","","","","1","0","0","avm-nvr-ip-system-dealer",""
"UPS-AVR-ENC","Enclosure Size - UPS Battery Backup with AVR for Security Cameras - AVR685 or AVR800 Size","Accessories/Battery Backups","225.95","0.00","0","assets/images/thumbnails/ups-685-avr-2_thumbnail.jpg","assets/images/UPS-685-AVR-2.jpg","assets/images/UPS-685-AVR-1.jpg","assets/images/UPS-685-AVR-connections.jpg","assets/images/UPS-685-AVR-Energy-Star.jpg","","","","","","0","0","0","685va-ups-avr",""
"UPS-AVR-MID","Mid-Size UPS Battery Backup with AVR for Security Cameras","","199.00","0.00","0","assets/images/thumbnails/ups-800-avr-1_thumbnail.jpg","assets/images/UPS-800-AVR-1.jpg","assets/images/UPS-800-AVR-2.jpg","assets/images/UPS-AVR-connections.jpg","assets/images/UPS-800-AVR-Energy-Star.jpg","","","","","","0","0","0","800va-ups-avr",""
"UPS-AVR-LG","Large UPS Battery Backup with AVR for Security Cameras","Accessories/Battery Backups","285.95","0.00","0","assets/images/products/accessories/ups-avr/thumbnails/ups-1500-avr-1_thumbnail.jpg","assets/images/Products/Accessories/UPS-AVR/UPS-1500-AVR-1.jpg","assets/images/Products/Accessories/UPS-AVR/UPS-1500-AVR-2.jpg","assets/images/Products/Accessories/UPS-AVR/UPS-1500-AVR-Energy-Star.jpg","assets/images/Products/Accessories/UPS-AVR/UPS-1500-AVR-Greenpower.jpg","","","","","","0","0","0","1500va-ups-avr",""
"SVC-LABOR","Labor (see notes)","","99.95","99.95","0","","","","","","","","","","","0","0","0","",""
"AVM-POS","POS Module - Overlay Transaction Data as Search-able Text in AVM","Accessories/POS Integration","450.00","0.00","0","assets/images/products/accessories/pos/thumbnails/pos_module_800x600_thumbnail.jpg","assets/images/Products/Accessories/POS/POS_Module_800x600.jpg","assets/images/Products/Accessories/POS/POS_Overlay_563x263.jpg","assets/images/Products/Accessories/POS/POS_Search_Discount_500x377.jpg","assets/images/Products/Accessories/POS/POS_Search_AVM.jpg","","1","","","","0","0","0","avm-pos-module",""
"HD-4217","HD-4217 - 1080P WDR Mini Dome IP Camera with 2.1 MegaPixel CMOS Image Sensor and 65' Infrared Night Vision + 100 degree Wide View","Cameras/HD IP Cameras@Cameras/Domes","145.00","199.95","0","assets/images/products/cameras/hd-4215/thumbnails/hd-4215-7_thumbnail.jpg","assets/images/products/cameras/hd-4215/hd-4215-7.png","assets/images/products/cameras/hd-4215/hd-4215-2.png","assets/images/products/cameras/hd-4215/hd-4215-3.jpg","assets/images/products/cameras/hd-4215/hd-4215-1.png","","","","","","0","1","0","hd-4216-1080-wdr-mini-ip-dome","This newly redesigned HD IP camera comes with enhanced WDR (Wide Dynamic Range), Better bitrate and increased image quality during daytime and night for home and business security camera installations."
"HD-9447","HD-9447 - 4MP (2688x1520) Outdoor IR Bullet Camera with WDR and motorized zoom lens with auto-focus","Cameras/HD IP Cameras@Cameras/SMART HD IP Cameras","525.00","499.00","0","assets/images/products/cameras/hd-9446/thumbnails/hd-9446_1_thumbnail.jpg","assets/images/Products/Cameras/HD-9446/HD-9446_1.png","assets/images/Products/Cameras/HD-9446/HD-9446_2.png","assets/images/Products/Cameras/HD-9446/HD-9446_3.jpg","assets/images/Products/Cameras/HD-9446/HD-9446_4.jpg","","","","","","0","0","0","hd-9447-4mp-4xzoom-ip-bullet",""
"SVC-Monthly","Marywood Towers Monthly Service Plan","","245.00","245.00","0","","","","","","","","","","","1","1","0","",""
"HD-5217","HD-5217 - HD 1080P 2.0 MP IP Bullet Security Camera - with Infrared Night Vision","Cameras/HD IP Cameras@Cameras/Bullets","145.00","145.00","0","assets/images/products/cameras/hdb-5212/thumbnails/hdb-5212-2_thumbnail.jpg","assets/images/Products/Cameras/HDB-5212/HDB-5212-2.jpg","assets/images/Products/Cameras/HDB-5212/HDB-5212-1.jpg","assets/images/products/Cameras/common/ONVIF_Compliant_500x375.jpg","","","","","","","0","0","0","hd-1080p-outdoor-bullet","This HD 1080P Bullet Camera is great for indoor or outdoor budget HD camera installations.  This bullet camera has great quality HD video with IR night vision."
"SVC-LOAN","Temporary Loaner AVM MicroNVR server for installation while customer's server is out for repair or diagnosis","Labor/Special Labor","150.00","150.00","0","","","","","","","","","","","1","1","0","",""
"SVC-Electrician","Labor (Subcontracted Electrician - See Notes)","Labor/Special Labor","99.95","99.95","0","","","","","","","","","","","0","0","0","",""
"HD-5417","HD-5417 - HD 2K Resolution 4.0 MP IP Bullet Security Camera - with Infrared Night Vision","Cameras/HD IP Cameras@Cameras/SMART HD IP Cameras@Cameras/Bullets","299.00","299.00","0","assets/images/products/cameras/hdb-5212/thumbnails/hdb-5212-2_thumbnail.jpg","assets/images/Products/Cameras/HDB-5212/HDB-5212-2.jpg","assets/images/Products/Cameras/HDB-5212/HDB-5212-1.jpg","assets/images/products/Cameras/common/ONVIF_Compliant_500x375.jpg","","","","","","","0","0","0","night-vision-camera-hd.html","This mini bullet camera delivers 2K resolution 4 MegaPixel video with infrared night vision.  "
"HD-5817","HD-5817 - HD 4K Resolution 8.0 MP IP Bullet Security Camera - with Infrared Night Vision","Cameras/HD IP Cameras@Cameras/SMART HD IP Cameras@Cameras/Bullets","550.00","550.00","0","assets/images/products/cameras/hdb-5212/thumbnails/hdb-5212-2_thumbnail.jpg","assets/images/Products/Cameras/HDB-5212/HDB-5212-2.jpg","assets/images/Products/Cameras/HDB-5212/HDB-5212-1.jpg","assets/images/products/Cameras/common/ONVIF_Compliant_500x375.jpg","","","","","","","0","0","0","hd-4k-outdoor-bullet","This mini bullet camera delivers 4K resolution 8 MegaPixel video with infrared night vision.  "
"HD-4418","HD-4418 - 2K Resolution Mini Dome IP Camera with 4 MegaPixel CMOS Image Sensor and 65' Infrared Night Vision + 100 degree Wide View","Cameras/HD IP Cameras@Cameras/SMART HD IP Cameras@Cameras/Domes","299.00","299.00","0","assets/images/products/cameras/hd-4215/thumbnails/hd-4215-7_thumbnail.png","assets/images/products/cameras/hd-4215/hd-4215-7.png","assets/images/products/cameras/hd-4215/hd-4215-2.png","assets/images/products/cameras/hd-4215/hd-4215-3.jpg","assets/images/products/cameras/hd-4215/hd-4215-1.png","","","","","","0","1","0","hd-4418-2k-mini-ip-dome","This newly redesigned HD IP camera comes with enhanced WDR (Wide Dynamic Range), Better bitrate and increased image quality during daytime and night for home and business security camera installations."
"HD-4818","HD-4818 - 4K Resolution Mini Dome IP Camera with 8 MegaPixel Image Sensor and 65' Infrared Night Vision + 100 degree Wide View","Cameras/HD IP Cameras@Cameras/SMART HD IP Cameras@Cameras/Domes","550.00","550.00","0","assets/images/products/cameras/hd-4215/thumbnails/hd-4215-7_thumbnail.png","assets/images/products/cameras/hd-4215/hd-4215-7.png","assets/images/products/cameras/hd-4215/hd-4215-2.png","assets/images/Products/Cameras/HD-IP/HD-cable.jpg","assets/images/products/cameras/hd-4215/hd-4215-1.png","","","","","","0","1","0","hd-4818-4k-mini-ip-dome.html","This newly redesigned 4K Resolution HD IP camera comes with enhanced WDR (Wide Dynamic Range), Better bitrate and increased image quality during daytime and night for home and business security camera installations."
"HD-8217","HD-8217 2.0 MegaPixel HD Turret camera with 2.8mm Lens for Super Wide View","Cameras/HD IP Cameras@Cameras/Turrets","195.00","195.00","0","assets/images/products/cameras/hd-8x17/thumbnails/hd-8x17_1_thumbnail.jpg","assets/images/products/cameras/hd-8x17/hd-8x17_1.jpg","assets/images/products/cameras/hd-ip/hd-cable.jpg","assets/images/products/cameras/common/onvif_compliant_500x375.jpg","","","","","","","0","1","0","hd-8217-1080p-turret-camera","2 MegaPixel 1080P HD IP turret camera with infrared night vision, WDR and Smart IR"
"HD-8418","HD-8418 2K Resolution 4.0 MegaPixel HD Turret IP camera with 2.8mm Lens for Super Wide View and Infrared IR Night vision with Enhanced AI Smart VCA features","Cameras/HD IP Cameras@Cameras/SMART HD IP Cameras@Cameras/Turrets","299.00","299.00","0","assets/images/products/cameras/hd-8x17/thumbnails/hd-8x17_1_thumbnail.jpg","assets/images/products/cameras/hd-8x17/hd-8x17_1.jpg","assets/images/products/cameras/hd-ip/hd-cable.jpg","assets/images/products/cameras/common/onvif_compliant_500x375.jpg","","","","","","","0","1","0","hd-8418-2k-turret-camera","4 MegaPixel 2K HD IP turret camera with infrared night vision, WDR and Smart IR"
"HD-8818","HD-8818 4K Resolution 8.0 MegaPixel HD Turret camera with Enhanced AI SMART VCA Human and Vehicle Detection Filters & 2.8mm Lens for Wide View IR Night vision ","Cameras/HD IP Cameras@Cameras/SMART HD IP Cameras@Cameras/Turrets","550.00","550.00","0","assets/images/products/cameras/hd-8x17/thumbnails/hd-8x17_1_thumbnail.jpg","assets/images/products/cameras/hd-8x17/hd-8x17_1.jpg","assets/images/products/cameras/hd-ip/hd-cable.jpg","assets/images/products/cameras/common/onvif_compliant_500x375.jpg","","","","","","","0","1","0","hd-8818-4k-turret-camera","8 MegaPixel 4K HD IP turret camera with infrared night vision, WDR and Smart IR"
"HD-246","2 Camera HD 2K Resolution 4 MegaPixel IP NVR System","Home Camera Systems/AVM Camera Systems/AVM HD IP Systems@Home Camera Systems/AVM Camera Systems@Business Camera Systems/Restaurant Security Cameras/Restaurant AVM HD-IP Systems","683.00","633.00","0","assets/images/products/packages/avm/hd-206_thumbnail.jpg","assets/images/products/packages/avm/hd-206.jpg","","","","","","","","","0","1","0","2-camera-avm-2k-hdip-system",""
"HD-286","2 Camera HD 4K Resolution 8 MegaPixel IP NVR System","Home Camera Systems/AVM Camera Systems/AVM HD IP Systems@Home Camera Systems/AVM Camera Systems@Business Camera Systems/Restaurant Security Cameras/Restaurant AVM HD-IP Systems","1136.00","1136.00","0","assets/images/products/packages/avm/hd-206_thumbnail.jpg","assets/images/products/packages/avm/hd-206.jpg","","","","","","","","","0","1","0","2-camera-avm-2k-hdip-system",""
"HD-446","4 Camera HD-IP 2K NVR System","Home Camera Systems/AVM Camera Systems/AVM HD IP Systems@Home Camera Systems/AVM Camera Systems@Business Camera Systems/Restaurant Security Cameras/Restaurant AVM HD-IP Systems","1281.00","1181.00","0","assets/images/products/packages/avm/hd-406-_thumbnail.jpg","assets/images/products/packages/avm/hd-406-.jpg","","","","","","","","","0","1","0","4-camera-2k-avm-hdip-system",""
"HD-486","4 Camera HD-IP 4K NVR System","Home Camera Systems/AVM Camera Systems/AVM HD IP Systems@Home Camera Systems/AVM Camera Systems@Business Camera Systems/Restaurant Security Cameras/Restaurant AVM HD-IP Systems","2336.00","2136.00","0","assets/images/products/packages/avm/hd-406-_thumbnail.jpg","assets/images/products/packages/avm/hd-406-.jpg","","","","","","","","","0","1","0","4-camera-4k-avm-hdip-system",""
"HD-846","8 Camera 2K HD-IP NVR System","Home Camera Systems/AVM Camera Systems/AVM HD IP Systems@Home Camera Systems/AVM Camera Systems@Business Camera Systems/Restaurant Security Cameras/Restaurant AVM HD-IP Systems","3162.00","2962.00","0","assets/images/products/packages/avm/hd-806_thumbnail.jpg","assets/images/products/packages/avm/hd-806.jpg","","","","","","","","","0","1","0","8-camera-2k-avm-hdip-system",""
"HD-886","8 Camera 4K HD-IP NVR System","Home Camera Systems/AVM Camera Systems/AVM HD IP Systems@Home Camera Systems/AVM Camera Systems@Business Camera Systems/Restaurant Security Cameras/Restaurant AVM HD-IP Systems","5272.00","4872.00","0","assets/images/products/packages/avm/hd-806_thumbnail.jpg","assets/images/products/packages/avm/hd-806.jpg","","","","","","","","","0","1","0","8-camera-system-4k-hd-ip-nvr.html",""
"HD-1246","12 Camera 2K HD-IP NVR System","Home Camera Systems/AVM Camera Systems/AVM HD IP Systems@Home Camera Systems/AVM Camera Systems@Business Camera Systems/Restaurant Security Cameras/Restaurant AVM HD-IP Systems","4843.00","4543.00","0","assets/images/products/packages/avm/hd-1206_thumbnail.jpg","assets/images/products/packages/avm/hd-1206.jpg","","","","","","","","","0","1","0","12-camera-2k-avm-hdip-system",""
"HD-1286","12 Camera 4K HD-IP NVR System","Home Camera Systems/AVM Camera Systems/AVM HD IP Systems@Home Camera Systems/AVM Camera Systems@Business Camera Systems/Restaurant Security Cameras/Restaurant AVM HD-IP Systems","8008.00","7408.00","0","assets/images/products/packages/avm/hd-1206_thumbnail.jpg","assets/images/products/packages/avm/hd-1206.jpg","","","","","","","","","0","1","0","12-camera-4k-avm-hdip-system",""
"HD-1646","16 Camera 2K HD-IP NVR System","Home Camera Systems/AVM Camera Systems/AVM HD IP Systems@Home Camera Systems/AVM Camera Systems@Business Camera Systems/Restaurant Security Cameras/Restaurant AVM HD-IP Systems","6524.00","6124.00","0","assets/images/products/packages/avm/hd-1606_thumbnail.jpg","assets/images/products/packages/avm/hd-1606.jpg","","","","","","","","","0","1","0","16-camera-2k-avm-hdip-system",""
"HD-1686","16 Camera 4K HD-IP NVR System","Home Camera Systems/AVM Camera Systems/AVM HD IP Systems@Home Camera Systems/AVM Camera Systems@Business Camera Systems/Restaurant Security Cameras/Restaurant AVM HD-IP Systems","10744.00","9944.00","0","assets/images/products/packages/avm/hd-1606_thumbnail.jpg","assets/images/products/packages/avm/hd-1606.jpg","","","","","","","","","0","1","0","16-camera-4k-avm-hdip-system",""
"dHD-4217","dHD-4217 - 1080P WDR Mini Dome IP Camera with 2.1 MegaPixel CMOS Image Sensor and 65' Infrared Night Vision + 100 degree Wide View (DEALER ONLY)","Cameras/HD IP Cameras","145.00","199.95","0","assets/images/products/cameras/hd-4215/thumbnails/hd-4215-7_thumbnail.jpg","assets/images/products/cameras/hd-4215/hd-4215-7.png","assets/images/products/cameras/hd-4215/hd-4215-2.png","assets/images/products/cameras/hd-4215/hd-4215-3.jpg","assets/images/products/cameras/hd-4215/hd-4215-1.png","","","","","","1","0","0","hd-4216-1080-wdr-mini-ip-dome-dealer","This newly redesigned HD IP camera comes with enhanced WDR (Wide Dynamic Range), Better bitrate and increased image quality during daytime and night for home and business security camera installations."
"dHD-4417","dHD-4417 - 2K Resolution Mini Dome IP Camera with 4 MegaPixel CMOS Image Sensor and 65' Infrared Night Vision + 100 degree Wide View (DEALER ONLY)","Cameras/HD IP Cameras","299.00","299.00","0","assets/images/products/cameras/hd-4214/thumbnails/hd-4214-2_thumbnail.jpg","assets/images/Products/Cameras/HD-4214/HD-4214-2.jpg","assets/images/Products/Cameras/HD-4214/HD-4214-1.jpg","assets/images/Products/Cameras/HD-IP/HD-cable.jpg","","","","","","","1","0","0","hd-4417-2k-mini-ip-dome-dealer","This newly redesigned HD IP camera comes with enhanced WDR (Wide Dynamic Range), Better bitrate and increased image quality during daytime and night for home and business security camera installations."
"dHD-4817","dHD-4817 - 4K Resolution Mini Dome IP Camera with 8 MegaPixel Image Sensor and 65' Infrared Night Vision + 100 degree Wide View (DEALER ONLY)","Cameras/HD IP Cameras","550.00","550.00","0","assets/images/products/cameras/hd-4214/thumbnails/hd-4214-2_thumbnail.jpg","assets/images/Products/Cameras/HD-4214/HD-4214-2.jpg","assets/images/Products/Cameras/HD-4214/HD-4214-1.jpg","assets/images/Products/Cameras/HD-IP/HD-cable.jpg","","","","","","","1","0","0","hd-4817-4k-mini-ip-dome-dealer","This newly redesigned 4K Resolution HD IP camera comes with enhanced WDR (Wide Dynamic Range), Better bitrate and increased image quality during daytime and night for home and business security camera installations."
"dHD-8217","dHD-8217 2.0 MegaPixel HD Turret camera with 2.8mm Lens for Super Wide View (DEALER ONLY)","Cameras/HD IP Cameras","195.00","195.00","0","assets/images/products/cameras/hd-8x17/thumbnails/hd-8x17_1_thumbnail.jpg","assets/images/products/cameras/hd-8x17/hd-8x17_1.jpg","assets/images/products/cameras/hd-ip/hd-cable.jpg","assets/images/products/cameras/common/onvif_compliant_500x375.jpg","","","","","","","1","0","0","hd-8217-1080p-turret-camera-dealer","2 MegaPixel 1080P HD IP turret camera with infrared night vision, WDR and Smart IR"
"dHD-8418","dHD-8418 2K Resolution 4.0 MegaPixel HD Turret camera with 2.8mm Lens for Super Wide View and Infrared IR Night vision (DEALER ONLY)","Cameras/HD IP Cameras","299.00","299.00","0","assets/images/products/cameras/hd-8x17/thumbnails/hd-8x17_1_thumbnail.jpg","assets/images/products/cameras/hd-8x17/hd-8x17_1.jpg","assets/images/products/cameras/hd-ip/hd-cable.jpg","assets/images/products/cameras/common/onvif_compliant_500x375.jpg","","","","","","","1","0","0","hd-8417-2k-turret-camera-dealer","4 MegaPixel 2K HD IP turret camera with infrared night vision, WDR and Smart IR"
"dHD-8818","dHD-8818 4K Resolution 8.0 MegaPixel HD Turret camera with 2.8mm Lens for Super Wide View and Infrared IR Night vision (DEALER ONLY)","Cameras/HD IP Cameras","550.00","550.00","0","assets/images/products/cameras/hd-8x17/thumbnails/hd-8x17_1_thumbnail.jpg","assets/images/products/cameras/hd-8x17/hd-8x17_1.jpg","assets/images/products/cameras/hd-ip/hd-cable.jpg","assets/images/products/cameras/common/onvif_compliant_500x375.jpg","","","","","","","1","0","0","hd-8817-4k-turret-camera-dealer","8 MegaPixel 4K HD IP turret camera with infrared night vision, WDR and Smart IR"
"CAT5e","CAT-5e Riser (CMR) Solid Copper Cable for Data and PoE - White","Accessories/Cables","187.50","187.50","0","assets/images/products/accessories/cat5e/thumbnails/cat-5e_cable_white_thumbnail.jpg","assets/images/products/accessories/cat5e/cat-5e_cable_white.jpg","assets/images/products/accessories/cat5e/cat-5e_cable-box.jpg","","","","","","","","0","0","0","1000ft-cat5e-cmr",""
"CAT5e-CMX-Black","CAT-5e Outdoor (CMX) UV Jacket Solid Copper Cable for Data and PoE - Black","Accessories/Cables","348.50","348.50","0","assets/images/products/accessories/cat5e/thumbnails/cat-5e-cmx-cable-black_thumbnail.jpg","assets/images/products/accessories/cat5e/cat-5e-cmx-cable-black.jpg","assets/images/products/accessories/cat5e/cat-5e-cmx-box-black.jpg","assets/images/products/accessories/cat5e/cat-5e-cmx-cable-interior.jpg","","","","","","","0","1","0","1000ft-cat5e-cmx-black",""
"CAT5e-CMX-Gray","CAT-5e Outdoor (CMX) UV Jacket Solid Copper Cable for Data and PoE - Gray","Accessories/Cables","348.50","348.50","0","assets/images/products/accessories/cat5e/thumbnails/cat-5e-cmx-cable-gray_thumbnail.jpg","assets/images/products/accessories/cat5e/cat-5e-cmx-cable-gray.jpg","assets/images/products/accessories/cat5e/cat-5e-cmx-box-gray.jpg","assets/images/products/accessories/cat5e/cat-5e-cmx-cable-interior.jpg","","","","","","","0","0","0","1000ft-cat5e-cmx-gray",""
"CAT5e-CMP","CAT-5e Plenum (CMP) Solid Copper Cable for Data and PoE - Blue","Accessories/Cables","313.50","313.50","0","assets/images/products/accessories/cat5e/thumbnails/cat-5e-cmp-blue_thumbnail.jpg","assets/images/products/accessories/cat5e/cat-5e-cmp-blue.jpg","assets/images/products/accessories/cat5e/cat-5e_cable-box.jpg","","","","","","","","0","1","0","copper-cmp-cable.html",""
"RJ45","RJ45 Crimp Connectors for CAT-5e Cables","Accessories/Connectors","1.50","1.50","0","assets/images/products/accessories/cat5e/thumbnails/rj-45_1_thumbnail.jpg","assets/images/products/accessories/cat5e/rj-45_1.jpg","assets/images/products/accessories/cat5e/rj-45_2.jpg","","","","","","","","0","0","0","rj45-crimp-conector",""
"Bridle","Bridle Rings for cable suspension from rafters","Accessories/Hardware","3.50","3.50","0","assets/images/products/accessories/hardware/thumbnails/bridle-ring_thumbnail.jpg","assets/images/products/accessories/hardware/bridle-ring.jpg","","","","","","","","","0","0","0","bridle-ring-2in",""
"BeamClamp","Beam Clamps for Camera Mounting and Cable Management 1/8 Inch to 1/2 Inch","Accessories/Hardware","3.50","3.50","0","assets/images/products/accessories/hardware/thumbnails/beam-clamp-small_thumbnail.jpg","assets/images/products/accessories/hardware/beam-clamp-small.jpg","","","","","","","","","0","0","0","beam-clamp",""
"HRD-LVL1","Hardware (LVL 1) for Camera Installation","Hardware","14.50","14.50","0","","","","","","","","","","","0","0","0","",""
"SVC-Plat","Platinum Protection Service Plan with Monthly Remote Check-ins (per camera per month)","Labor/Service Contracts","7.00","7.00","0","","","","","","","","","","","0","0","0","",""
"SVC-Plat-YEAR","Platinum Protection Service Plan with Monthly Remote Check-ins (per camera per year)","Labor/Service Contracts","126.00","126.00","0","","","","","","","","","","","0","1","0","",""
"MidNVR","AVM Mid Size NVR - NVR for IP Camera Recording","DVRs & NVRs/NVR Recorders (IP Cameras)","1499.00","1250.00","0","assets/images/products/pcs/thumbnails/microdvr_pc_1_3000x2000_thumbnail.jpg","assets/images/products/pcs/microdvr_pc_1_3000x2000.png","","","","","","","","","0","1","0","avm-midnvr",""
"dMidNVR","AVM MidNVR - Mid Size NVR for IP Camera Recording (DEALER ONLY)","DVRs & NVRs/NVR Recorders (IP Cameras)","1499.00","1095.00","0","assets/images/products/pcs/thumbnails/thumbnails/microdvr_pc_1_3000x2000_thumbnail.jpg","assets/images/products/pcs/thumbnails/microdvr_pc_1_3000x2000_thumbnail.jpg","","","","","","","","","1","0","0","avm-micronvr-dealer",""
"SVC-Custom-Mgmt","Custom On-Site System Management - (Quarterly) @ $175/mo","Labor/Service Contracts","2100.00","1.00","0","","","","","","","","","","","0","0","0","",""
"PT-TVI4-2.8-Install","4 Camera HD TVI DVR System with Basic Commercial Install* (Chicago Area Only)","Business Camera Systems/Standalone HD-TVI DVR Systems@Business Camera Systems/Restaurant Security Cameras/Restaurant Budget HD-TVI Camera Systems","825.00","790.00","0","assets/images/products/standalones/hd-tvi/thumbnails/PT-TVI4-28-Install_thumbnail.jpg","assets/images/products/standalones/hd-tvi/pt-tvi4-28-install.jpg","","","","","","","","","0","1","0","hd-system-4-camera-dvr.html","4 Camera HD-TVI Package with 4 Cameras and HD DVR including Basic Commerical Installation* (Chicago West Suburbs Only)"
"PT-TVI4-2.8","4 Camera HD TVI DVR System for Home or Business","Business Camera Systems/Standalone HD-TVI DVR Systems@Home Camera Systems/Standalone HD-TVI DVR Systems@Business Camera Systems/Restaurant Security Cameras/Restaurant Budget HD-TVI Camera Systems","255.00","295.00","0","assets/images/products/standalones/hd-tvi/thumbnails/PT-TVI4-28-main_thumbnail.jpg","assets/images/products/standalones/hd-tvi/pt-tvi4-28-main.jpg","","","","","","","","","0","1","0","4-camera-tvi-kit","4 Camera HD-TVI Package with 4 Cameras"
"PT-TVI8-2.8-Install","8 Camera HD TVI DVR System with Basic Commercial Install* (Chicago Area Only)","Business Camera Systems/Standalone HD-TVI DVR Systems@Business Camera Systems/Restaurant Security Cameras/Restaurant Budget HD-TVI Camera Systems","1493.60","1410.00","0","assets/images/products/standalones/hd-tvi/thumbnails/PT-TVI8-28-Install_thumbnail.jpg","assets/images/products/standalones/hd-tvi/pt-tvi8-28-install.jpg","","","","","","","","","0","1","0","8-camera-tvi-install","8 Camera HD-TVI Package with 8 x 1080P Cameras and HD DVR including Basic Commerical Installation* (Chicagoland Area)"
"PT-TVI8-2.8","8 Camera HD TVI DVR System for Home or Business","Business Camera Systems/Standalone HD-TVI DVR Systems@Home Camera Systems/Standalone HD-TVI DVR Systems@Business Camera Systems/Restaurant Security Cameras/Restaurant Budget HD-TVI Camera Systems","525.00","495.00","0","assets/images/products/standalones/hd-tvi/thumbnails/PT-TVI8-28-main_thumbnail.jpg","assets/images/products/standalones/hd-tvi/pt-tvi8-28-main.jpg","","","","","","","","","0","0","1","8-camera-tvi-kit","8 Camera HD-TVI Package with 8 x 1080P Cameras"
"SVC-TVI-TECH","Labor for technical support on HD-TVI DVRs and Cameras ($5/mo billed annually) ","","60.00","60.00","0","","","","","","","","","","","0","0","0","",""
"SVC-VCA","Labor to Configure VCA Video Analytics Zones for Searching and Alerts in AVM Software (per camera) Initial Setup with 30 day adjustments","Labor/Special Labor","79.95","79.95","0","","","","","","","","","","","0","0","0","",""
"dPTAR324-4","4-Channel H.265 HD-TVI and Analog Standalone DVR with Plug-N-Play Instant Remote Access (DEALER ONLY)","DVRs & NVRs/CCTV DVRs (Analog)@DVRs & NVRs/HDVRs (HD-over-Coax)","295.00","245.00","0","assets/images/products/standalones/dvr-8804rt/dvr-8804rt_1_500x375_thumbnail.jpg","assets/images/products/standalones/dvr-8804rt/dvr-8804rt_1_500x375.jpg","assets/images/Products/Standalones/DVR-8804RT/DVR-8804RT_2_500x375.jpg","assets/images/Products/Standalones/DVR-8804RT/DVR-8804RT_4_500x375.jpg","assets/images/Products/Standalones/DVR-8804RT/DVR-8804RT_7_500x375.jpg","","","","","","1","0","1","4-camera-hd-tvi-dvr-dealer",""
"dPTAR324-8","8-Channel 1080P H.265 HD-TVI Standalone DVR with Analog and HD-TVI Support and P2P Remote Access (DEALER ONLY)","DVRs & NVRs/CCTV DVRs (Analog)@DVRs & NVRs/HDVRs (HD-over-Coax)","395.00","355.00","0","assets/images/products/standalones/dvr-8808rt/dvr-8808rt_1_500x375_thumbnail.jpg","assets/images/products/standalones/dvr-8808rt/dvr-8808rt_1_500x375.jpg","assets/images/Products/Standalones/DVR-8808RT/DVR-8808RT_2_500x375.jpg","assets/images/Products/Standalones/DVR-8808RT/DVR-8808RT_3_500x375.jpg","assets/images/Products/Standalones/DVR-8808RT/DVR-8808RT_4_500x375.jpg","","","","","","1","0","1","8-camera-hd-tvi-dvr-dealer",""
"dPTAR324-16","16-Channel HD-TVI H.264 Standalone DVR with Analog and HD-TVI Camera Support (DEALER ONLY)","DVRs & NVRs/CCTV DVRs (Analog)@DVRs & NVRs/HDVRs (HD-over-Coax)","625.00","535.00","0","assets/images/products/standalones/dvr-8808rt/dvr-8808rt_1_500x375_thumbnail.jpg","assets/images/products/standalones/dvr-8808rt/dvr-8808rt_1_500x375.jpg","assets/images/Products/Standalones/DVR-8808RT/DVR-8808RT_2_500x375.jpg","assets/images/Products/Standalones/DVR-8808RT/DVR-8808RT_3_500x375.jpg","assets/images/Products/Standalones/DVR-8816RT/DVR-8816RT_8_500x375.jpg","","","","","","1","0","1","16-camera-hd-tvi-dvr-dealer",""
"HD-9847","HD-9847 - 8MP (4K Resolution) Outdoor IR Bullet Camera with WDR and motorized zoom lens with auto-focus","Cameras/HD IP Cameras@Cameras/SMART HD IP Cameras","850.00","750.00","0","assets/images/products/cameras/hd-9446/thumbnails/hd-9446_1_thumbnail.jpg","assets/images/Products/Cameras/HD-9446/HD-9446_1.png","assets/images/Products/Cameras/HD-9446/HD-9446_2.png","assets/images/Products/Cameras/HD-9446/HD-9446_3.jpg","assets/images/Products/Cameras/HD-9446/HD-9446_4.jpg","","","","","","0","0","0","hd-9847-4k-zoom-ip-bullet",""
"PoE-24","24-Port Gigabit PoE+ Rack Mountable Switch for IP Cameras (24 ports PoE+, 250W Power budget, 48 Gbps Switching)","Accessories/PoE Switches","650.00","550.00","0","assets/images/products/poes/thumbnails/PoE24-1_thumbnail.jpg","assets/images/products/poes/poe24-1.jpg","assets/images/products/poes/poe24-2.jpg","assets/images/products/poes/poe24-3.jpg","assets/images/products/poes/poe24-4.jpg","","","24","","","0","0","0","24-port-poe","24 Port PoE+ Switch with 250 Watt total power budget for IP Cameras and other PoE Devices"
"PoE-8","8-Port Gigabit PoE+ Switch for IP Cameras (8 ports PoE+, 2 Gig Uplink, 96W Power budget, 7.6 Gbps Switching)","Accessories/PoE Switches","195.00","146.00","0","assets/images/products/poe switches/thumbnails/POE8_thumbnail.jpg","assets/images/products/poe switches/poe8.jpg","","","","","","8","","","0","0","0","9-port-poe","9 Port PoE+ Switch with 96 Watt total power budget for IP Cameras and other PoE Devices"
"PoE-4","6-Port PoE+ Switch for IP Cameras (4 ports PoE+, 2 Gig Uplink, 60W Power budget, 1 Gbps total switching)","Accessories/PoE Switches","115.00","95.00","0","assets/images/products/poe switches/thumbnails/PoE6_thumbnail.jpg","assets/images/products/poe switches/poe6.jpg","assets/images/poe5-2.jpg","assets/images/poe5-3.jpg","assets/images/poe5-4.jpg","","","4","","","0","0","0","ip-camera-5-port-poe-switch.html","9 Port PoE+ Switch with 96 Watt total power budget for IP Cameras and other PoE Devices"
"PoE-52","52-Port Gigabit PoE+ Rack Mountable Web Smart Switch for IP Cameras (48ports PoE+, 370W Power budget (up to 24 Cameras), 104 Gbps Switching) ","Accessories/PoE Switches","1250.00","1250.00","0","assets/images/thumbnails/PoE52-1_thumbnail.jpg","assets/images/poe52-1.jpg","assets/images/poe52-2.jpg","assets/images/poe52-3.jpg","","","","24","","","0","0","0","52-port-poe","52 Port PoE+ Switch with 370 Watt total power budget for IP Cameras and other PoE Devices"
"PT-ASI7213X-T1","Mask Detecting Thermal Skin Temperature Access Control Camera Panel","Cameras/HD IP Cameras","3950.00","2750.00","0","assets/images/thumbnails/PT-ASI7213X-T1_thumbnail.jpg","assets/images/pt-asi7213x-t1.jpg","assets/images/pt-asi7213x-t1_3.jpg","assets/images/pt-asi7213x-t1_2.jpg","assets/images/Products/Cameras/Thermal/Viruses-605x521.jpg","","","","","","0","0","0","thermal-access-camera",""
"RG-59","RG-59 Siamese Cable for Local Installation","Accessories/Cables","100.00","100.00","0","assets/images/products/accessories/rg-59u/rg-59ub_1_450x300_thumbnail.jpg","assets/images/products/Accessories/RG-59U/RG-59UB_1_450x300.jpg","","","","","","","","","0","0","0","",""
"HD-1417","HD-1417 - 2K Resolution Mini Indoor WiFi/Wired IP Camera with 4 MegaPixel Image Sensor and 30' Infrared Night Vision + 97 degree Wide View","Cameras/HD IP Cameras@Cameras/WiFi","245.00","199.95","0","assets/images/products/cameras/HD-1x17/HD-1417_1-thumbnail.jpg","assets/images/products/cameras/HD-1x17/HD-1417_1.jpg","","","","","","","","","0","0","0","wifi-indoor-2k-ip-camera","This WiFi indoor desktop camera delivers great quality video, without breaking the budget.  Simply connect to your WiFi network and start streaming and recording camera in your home or business."
"HD-8448","HD-8448 - 4MP 2K Resolution Outdoor IR Turret Camera with WDR and motorized zoom lens and auto-focus","Cameras/HD IP Cameras@Cameras/SMART HD IP Cameras@Cameras/Turrets","625.00","550.00","0","assets/images/Products/Cameras/HD-8x47/HD-8847-1-thumbnail.jpg","assets/images/Products/Cameras/HD-8x47/HD-8847-1.jpg","assets/images/Products/Cameras/HD-IP/HD-cable.jpg","","","","","","","","0","0","0","hd-8448-2k-zoom-turret-camera.html",""
"HD-8848","HD-8848 - 4K Outdoor IR Turret Camera with Enhanced AI Smart VCA features and Electronic Zoom Lens","Cameras/HD IP Cameras@Cameras/SMART HD IP Cameras@Cameras/Turrets","800.00","750.00","0","assets/images/Products/Cameras/HD-8x47/HD-8847-1-thumbnail.jpg","assets/images/Products/Cameras/HD-8x47/HD-8847-1.jpg","assets/images/Products/Cameras/HD-IP/HD-cable.jpg","","","","","","","","0","0","1","hd-8848-4k-zoom-turret-camera.html",""
"HD-646","6 Camera 2K HD-IP Security Camera NVR System","Home Camera Systems/AVM Camera Systems/AVM HD IP Systems@Business Camera Systems/Business AVM HD IP Systems/AVM HD-IP Systems@Business Camera Systems/Business AVM HD IP Systems@Home Camera Systems/AVM Camera Systems@Business Camera Systems/Restaurant Security Cameras/Restaurant AVM HD-IP Systems","2364.00","2214.00","0","assets/images/products/packages/avm/hd-646_thumbnail.jpg","assets/images/products/packages/avm/hd-646.jpg","","","","","","","","","0","1","0","6-camera-2k-avm-hdip-system.html",""
"HD-LPR-ANPR","1080P License Plate Capture Camera with ANPR technology, motorized zoom lens and auto-focus","Cameras/HD IP Cameras@Cameras/SMART HD IP Cameras@Business Camera Systems/LPR - License Plate Recognition@Cameras/LPR & ANPR Cameras","1350.00","1250.00","0","assets/images/Products/Cameras/HD-LPR/HD-LPR-1-thumb.jpg","assets/images/Products/Cameras/HD-LPR/HD-LPR-1.jpg","assets/images/Products/Cameras/HD-LPR/HD-LPR-2.jpg","assets/images/Products/Cameras/HD-LPR/HD-LPR-3.jpg","assets/images/Products/Cameras/HD-LPR/HD-LPR-4.jpg","","","","","","0","0","0","hd-lpr.html",""
"HD-PTZ-2mAT","HD-PTZ-2mAT 1080P HD IP PTZ Dome Camera with Infrared 25x","Cameras/HD IP Cameras@Cameras/SMART HD IP Cameras@Cameras/Moving PTZ Cameras","995.00","895.00","0","assets/images/Products/Cameras/HD-PTZ/HD-PTZ-1-thumb.jpg","assets/images/Products/Cameras/HD-PTZ/HD-PTZ-1.jpg","assets/images/Products/Cameras/HD-PTZ/DS-1605ZJ-Wall-Bracket.jpg","","","","","","","","0","0","0","hd-ptz-camera-2mat.html",""
"HD-PTZ-4mAT","HD-PTZ-4mAT 2K HD IP PTZ Dome Camera with Infrared 25x","Cameras/HD IP Cameras@Cameras/SMART HD IP Cameras@Cameras/Moving PTZ Cameras","1385.00","1185.00","0","assets/images/Products/Cameras/HD-PTZ/HD-PTZ-1-thumb.jpg","assets/images/Products/Cameras/HD-PTZ/HD-PTZ-1.jpg","assets/images/Products/Cameras/HD-PTZ/DS-1605ZJ-Wall-Bracket.jpg","","","","","","","","0","0","0","hd-camera-4mat-ptz.html",""
"PTIR7803-2","Outdoor HD-TVI Eyeball Budget Camera with Analog Support","Cameras/HD-TVI Cameras (HD-Over-Coax)","45.00","35.00","0","assets/images/products/cameras/HD-TVI/PTIR7803-thumb.jpg","assets/images/products/cameras/HD-TVI/PTIR7803.jpg","assets/images/Products/Cameras/HD-SDI/HD-SDI_Connections.jpg","","","","","","","","0","0","0","hd-4-in-one-1080p-tvi-camera.html",""
"PTAC324-FD4M-2.8","Outdoor HD-TVI Turret Camera with Wide Angle Lens","Cameras/HD-TVI Cameras (HD-Over-Coax)","95.00","85.00","0","assets/images/products/cameras/HD-TVI/PTAC324-thumb.jpg","assets/images/products/cameras/HD-TVI/PTAC324.png","assets/images/Products/Cameras/HD-SDI/HD-SDI_Connections.jpg","","","","","","","","0","0","0","tvi-turret-camera-ptac-324-hd.html",""
"PTAC344-VD4Z","Outdoor HD-TVI Turret Camera with Electronic Zoom","Cameras/HD-TVI Cameras (HD-Over-Coax)","220.00","135.00","0","assets/images/products/cameras/HD-TVI/PTAC344-thumb.jpg","assets/images/products/cameras/HD-TVI/PTAC344.jpg","assets/images/Products/Cameras/HD-SDI/HD-SDI_Connections.jpg","","","","","","","","0","0","0","hd-tvi-ptac344-camera",""
"HD-8418AI","HD-8418AI - 4MP 2K Resolution Outdoor IR Turret Camera with ENHANCED A.I. with Human and Vehicle Detection Filters, 2-Way Audio & White LED ","Cameras/HD IP Cameras@Cameras/SMART HD IP Cameras@Cameras/Turrets","495.00","399.95","0","assets/images/Products/Cameras/HD-8x47/HD-8847-1-thumbnail.jpg","assets/images/Products/Cameras/HD-8x47/HD-8847-1.jpg","assets/images/Products/Cameras/HD-IP/HD-cable.jpg","","","","","","","","0","0","1","hd-8418ai-2k-smart-hd-ip-camera-ai.html",""
"CAT5e-CMX-White","CAT-5e Outdoor (CMX) UV Jacket Solid Copper Cable for Data and PoE - WHITE","Accessories/Cables","279.00","279.00","0","assets/images/products/accessories/cat5e/thumbnails/cat-5e-cmx-cable-black_thumbnail.jpg","assets/images/products/accessories/cat5e/cat-5e-cmx-cable-black.jpg","assets/images/products/accessories/cat5e/cat-5e-cmx-box-black.jpg","assets/images/products/accessories/cat5e/cat-5e-cmx-cable-interior.jpg","","","","","","","0","1","0","cat5-white-cmx-uv-cable.html",""
"PoE-28","28-Port Gigabit PoE+ Rack Mountable Switch for Up to 16 IP Cameras (24 ports PoE+, 250W PoE Budget, Layer 2 Web Smart Managed) ","Accessories/PoE Switches","450.00","399.95","0","assets/images/products/poes/thumbnails/PoE24-BV-1_thumbnail.jpg","/assets/images/products/poes/poe24-BV-1.jpg","assets/images/products/poes/poe24-bv-2.jpg","assets/images/products/poes/poe24-bv-3.jpg","assets/images/products/poes/poe24-bv-4.jpg","","","16","","","0","0","1","poe24-bv-switch","24 Port PoE+ Switch with 250 Watt total power budget for IP Cameras and other PoE Devices"
"SVC-SMTP1","External SMTP Service Initial Setup and Configruation","","25.00","25.00","0","","","","","","","","","","","0","0","0","",""
"SVC-SMTP2","External 3rd Party SMTP Service $5.99 Monthly (Billed Yearly)","","71.88","71.88","0","","","","","","","","","","","0","0","0","",""
"BALUN-HD1","Passive HD and Analog Video Balun Pair - RJ45 Transceiver Transmitter HD-CVI/TVI/AHD/CVBS with DC Suppression Protection for cameras up to 5MP","Accessories/Connectors","15.95","12.95","0","assets/images/products/accessories/balun-hd1/thumbnails/BALUN-HD-1_thumbnail.jpg","assets/images/products/accessories/balun-hd1/balun-hd-1.jpg","assets/images/products/accessories/balun-hd1/balun-hd-3.jpg","","","","","","","","0","0","1","hd-balun-pair-hd-tvi.html",""
"UPS-AVR-SML","550VA UPS Battery Backup with AVR for Security Cameras - MicroNVRs only ","Accessories/Battery Backups","165.00","0.00","0","assets/images/thumbnails/ups-800-avr-1_thumbnail.jpg","assets/images/UPS-800-AVR-1.jpg","assets/images/UPS-800-AVR-2.jpg","assets/images/UPS-AVR-connections.jpg","assets/images/UPS-800-AVR-Energy-Star.jpg","","","","","","0","0","0","",""
"SVC-SMTP-3","External 3rd Party SMTP Service (increased capacity) $14.99 Monthly (Billed Yearly)","","179.88","179.88","0","","","","","","","","","","","0","0","0","",""
"PoE-18","18-Port Gigabit PoE+ Rack Mountable Switch for Up to 16 IP Cameras (16 Gig ports PoE+, 2 Gig Uplink, 250W PoE Budget)","Accessories/PoE Switches","350.00","299.95","0","assets/images/products/poes/thumbnails/PoE18-1_thumbnail.jpg","/assets/images/products/poes/poe18-1.jpg","assets/images/products/poes/poe18-2.jpg","assets/images/products/poes/poe18-3.jpg","assets/images/products/poes/poe18-4.jpg","","","16","","","0","0","1","18-port-poe-switch.html","24 Port PoE+ Switch with 250 Watt total power budget for IP Cameras and other PoE Devices"
"LCD-KM","19""-20"" HDMI LCD Monitor, Bracket + Wireless Keyboard and Mouse for Display and Control of NVR Recorder","Accessories/Server Components","239.95","239.95","0","","","","","","","","","","","0","0","0","",""
"SVC-Call-B8","On-Site Service Call to Customer Site - Zone B","Labor/SVC-Call","79.95","79.95","0","","","","","","8","","","","","0","0","0","",""
"SVC-Call-C7","On-Site Service Call to Customer Site - Zone C","Labor/SVC-Call","99.95","99.95","0","","","","","","7","","","","","0","0","0","",""
"SVC-Call-D6","On-Site Service Call to Customer Site - Zone D","Labor/SVC-Call","109.95","109.95","0","","","","","","6","","","","","0","0","0","",""
"SVC-Call-E6","On-Site Service Call to Customer Site - Zone E","Labor/SVC-Call","129.95","129.95","0","","","","","","6","","","","","0","0","0","",""
"SVC-Call-F6","On-Site Service Call to Customer Site - Zone F","Labor/SVC-Call","139.95","139.95","0","","","","","","6","","","","","0","0","0","",""
"SVC-Call-G5","On-Site Service Call to Customer Site - Zone G","Labor/SVC-Call","179.95","179.95","0","","","","","","5","","","","","0","0","0","",""
"SVC-Call-H5","On-Site Service Call to Customer Site - Zone H","Labor/SVC-Call","229.95","229.95","0","","","","","","5","","","","","0","0","0","",""
"SVC-Call-I4","On-Site Service Call to Customer Site - Zone I","Labor/SVC-Call","379.95","379.95","0","","","","","","4","","","","","0","0","0","",""
"DH-DB6I","5MP LincX2Pro WiFi Video Doorbell","Cameras/HD IP Cameras@Cameras/Doorbells","295.00","295.00","0","assets/images/products/cameras/dh-db6i/thumbnails/db6i_1_thumbnail.png","assets/images/products/cameras/dh-db6i/db6I_1.png","assets/images/products/cameras/dh-db6i/db6I_2.png","assets/images/products/cameras/dh-db6i/db6I_3.png","","","","","","","0","0","1","lincx2pro-wifi-doorbell.html","5 MegaPixel 2K LincX2Pro Series WiFi Doorbell camera with Human Detection"
"HD-8419","HD-8419 2K Resolution NDAA Approved 4.0 MegaPixel HD Turret IP camera with 2.8mm Lens for Wide View and IR Night vision for Public Funded and Government Jobs ","Cameras/HD IP Cameras@Cameras/SMART HD IP Cameras@Cameras/NDAA Approved Cameras@Cameras/Turrets","399.00","349.00","0","assets/images/products/cameras/hd-8xx9/HD-8xx9-1-thumb.png","assets/images/products/cameras/hd-8xx9/HD-8xx9-1.png","assets/images/products/cameras/hd-ip/hd-cable.jpg","assets/images/products/cameras/common/onvif_compliant_500x375.jpg","","","","","","","0","0","0","ndaa-5mp-2k-turret-ip-camera.html","4 MegaPixel 2K HD IP turret camera with infrared night vision, WDR and Smart IR"
"HD-8819","HD-8819 4K Resolution NDAA Approved 8.0 MegaPixel HD Turret IP camera with 2.8mm Lens for Wide View and IR Night vision for Public Funded and Government Jobs","Cameras/HD IP Cameras@Cameras/SMART HD IP Cameras@Cameras/NDAA Approved Cameras@Cameras/Turrets","600.00","600.00","0","assets/images/products/cameras/hd-8xx9/HD-8xx9-1-thumb.png","assets/images/products/cameras/hd-8xx9/HD-8xx9-1.png","assets/images/products/cameras/hd-ip/hd-cable.jpg","assets/images/products/cameras/common/onvif_compliant_500x375.jpg","","","","","","","0","0","1","ndaa-8mp-4k-turret-ip-camera.html","4 MegaPixel 2K HD IP turret camera with infrared night vision, WDR and Smart IR"
"HD-8849","HD-8849 - NDAA Approved - 4K Outdoor IR Turret Camera with Electronic Zoom Lens","Cameras/HD IP Cameras@Cameras/SMART HD IP Cameras@Cameras/NDAA Approved Cameras@Cameras/Turrets","850.00","800.00","0","assets/images/Products/Cameras/HD-8x47/HD-8847-1-thumbnail.jpg","assets/images/Products/Cameras/HD-8x47/HD-8847-1.jpg","assets/images/Products/Cameras/HD-IP/HD-cable.jpg","","","","","","","","0","0","1","ndaa-8mp-2k-turret-zoom-ip-camera.html",""
"DH-N45DUD2","4MP Dahua 2K Resolution Color Fusion Color Night Vision Camera w/2.8mm Lens","Cameras/HD IP Cameras","425.00","425.00","0","assets/images/Products/Cameras/Dahua/DH-N45DUD2/DH-N45DUD2-1_thumb.jpg","assets/images/Products/Cameras/Dahua/DH-N45DUD2/DH-N45DUD2-1.jpg","","","","","","","","","0","0","1","dahua-dh-n45dud2-color-fusion-turret-ip-camera.html","4 MegaPixel 2K Color Fusion Color Night vision dual image sensor camera with Human Detection"
"SVC-Vendor","Labor Registration for Vendor Credentialing/Verification System","","199.95","199.95","0","","","","","","","","","","","0","0","0","",""
"HD-8449","HD-8449 - NDAA Approved - 2K 4MP Outdoor IR Turret Camera with Electronic Zoom Lens","Cameras/HD IP Cameras@Cameras/SMART HD IP Cameras@Cameras/Turrets@Cameras/NDAA Approved Cameras","600.00","600.00","0","assets/images/Products/Cameras/HD-8x47/HD-8847-1-thumbnail.jpg","assets/images/Products/Cameras/HD-8x47/HD-8847-1.jpg","assets/images/Products/Cameras/HD-IP/HD-cable.jpg","","","","","","","","0","0","1","ndaa-5mp-2k-turret-zoom-ip-camera.html",""
"SVC-VCA-MON","Labor for VCA - Fully Managed Plan - Per Camera @ $5/Camera/Month - Billed Annually","Labor/Special Labor","60.00","60.00","0","","","","","","","","","","","1","1","0","",""
"SVC-UPG-LVL1","AVM System Upgrade - LEVEL 1 - SaS System installed after 1-1-23","Labor/Special Labor","0.00","0.00","0","","","","","","","","","","","0","0","0","",""
"SVC-UPG-LVL2","AVM System Upgrade - LEVEL 2 - SaS System Upgrade for CMS Mobile 4","Labor/Special Labor","25.00","25.00","0","","","","","","","","","","","0","0","0","",""
"SVC-UPG-LVL3","AVM System Upgrade - LEVEL 3 - Windows 10 AVM Release to SaS Upgrade for CMS Mobile 4","Labor/Special Labor","99.95","99.95","0","","","","","","","","","","","0","0","0","",""
"HD-8219","HD-8219 1080P Resolution NDAA Approved 2.0 MegaPixel HD Turret IP camera with 2.8mm Lens for Wide View and IR Night vision for Public Funded and Government Jobs","Cameras/HD IP Cameras@Cameras/NDAA Approved Cameras@Cameras/Turrets","255.00","195.00","0","assets/images/products/cameras/hd-8xx9/HD-8xx9-1-thumb.png","assets/images/products/cameras/hd-8xx9/HD-8xx9-1.png","assets/images/products/cameras/hd-ip/hd-cable.jpg","assets/images/products/cameras/common/onvif_compliant_500x375.jpg","","","","","","","0","0","0","","4 MegaPixel 2K HD IP turret camera with infrared night vision, WDR and Smart IR"
"PTP","Point to Point WiFi Antennas for OTA Connections","Special/WiFi","249.95","0.00","0","assets/images/products/special/wifi/thumbnails/PTP_thumbnail.jpg","assets/images/products/special/wifi/ptp.jpg","","","","","1","","","","0","0","0","point-to-point-wifi-antennas-for-ota-connections.html",""
"PTMP","Unidirectional Point-To-Multi-Point with High-Gain Antenna","Special/WiFi","900.00","0.00","0","assets/images/products/special/wifi/thumbnails/PTMP_thumbnail.jpg","assets/images/products/special/wifi/ptmp.jpg","","","","","1","","","","0","0","0","unidirectional-point-to-multi-point-high-gain-antenna.html",""
"8TB-HDD","3.5"" Hard Drive - 8TB Storage Capacity - Surveillance Grade","Accessories/Server Components","400.00","0.00","0","","","","","","","","","","","0","0","0","35-hard-drive--8tb-storage-capacity--surveillance-grade.html",""
"1TB-HDD","3.5"" Hard Drive - 1TB Storage Capacity - Surveillance Grade","Accessories/Server Components","80.00","0.00","0","","","","","","","","","","","0","0","0","hard-drive--1tb-storage-capacity--surveillance-grade.html",""
"2TB-HDD","3.5"" Hard Drive - 2TB Storage Capacity - Surveillance Grade","Accessories/Server Components","110.00","0.00","0","","","","","","","","","","","0","0","0","35-hard-drive--2tb-storage-capacity--surveillance-grade.html",""
"4TB-HDD","3.5"" Hard Drive - 4TB Storage Capacity - Surveillance Grade","Accessories/Server Components","200.00","0.00","0","","","","","","","","","","","0","0","0","35-hard-drive--4tb-storage-capacity--surveillance-grade.html",""
"12TB-HDD","3.5"" Hard Drive - 12TB Storage Capacity - Surveillance Grade","Accessories/Server Components","550.00","0.00","0","","","","","","","","","","","0","0","0","35-hard-drive--12tb-storage-capacity--surveillance-grade.html",""
"16TB-HDD","3.5"" Hard Drive - 16TB Storage Capacity - Surveillance Grade","Accessories/Server Components","800.00","0.00","0","","","","","","","","","","","0","0","0","35-hard-drive--16tb-storage-capacity--surveillance-grade.html",""
"2TB-HDDM","2.5"" Hard Drive - 2TB Storage Capacity - Surveillance Grade","Accessories/Server Components","175.00","0.00","0","","","","","","","","","","","0","0","0","25-2tb-surveillance-grade-internal-hard-drive-hdd.html",""
"1TB-HDDM","2.5"" Hard Drive - 1TB Storage Capacity - Surveillance Grade","Accessories/Server Components","115.00","0.00","0","","","","","","","","","","","0","0","0","25-hard-drive--1tb-storage-capacity--surveillance-grade.html",""
"5TB-HDDM","2.5"" Hard Drive - 5TB Storage Capacity - Surveillance Grade","Accessories/Server Components","425.00","0.00","0","","","","","","","","","","","0","0","0","25-hard-drive--5tb-storage-capacity--surveillance-grade.html",""
"FAN-1200","Replacement CPU Cooling Fan - Socket 1200","","34.95","0.00","0","assets/images/products/server components/thumbnails/Fan - 1200 Socket_thumbnail.jpg","assets/images/products/server components/fan - 1200 socket.jpg","","","","","","","","","0","0","0","replacement-cpu-cooling-fan--socket-1200.html",""
"FAN-1700","Replacement CPU Cooling Fan - Socket 1700","","39.95","0.00","0","assets/images/products/server components/thumbnails/Fan - 1700 Socket_thumbnail.jpg","assets/images/products/server components/fan - 1700 socket.jpg","","","","","","","","","0","0","0","replacement-cpu-cooling-fan--socket-1700.html",""
"FAN-NUC","Replacement CPU Cooling Fan - NUC","","39.95","0.00","0","assets/images/products/server components/thumbnails/Fan - NUC_thumbnail.jpg","assets/images/products/server components/fan - nuc.jpg","","","","","","","","","0","0","0","replacement-cpu-cooling-fan--nuc.html",""
"POE-GND","PoE Lightning Arrestor","Hardware/Adapters","24.50","0.00","0","assets/images/products/hardware/adapters/thumbnails/POE-GND_thumbnail.jpg","assets/images/products/hardware/adapters/poe-gnd.jpg","","","","","","","","","0","0","0","hdmi-splitter-1-in2-out.html",""
"HDMI-14","HDMI Splitter 1-In/4-Out","Hardware/Adapters","64.95","0.00","0","assets/images/products/hardware/adapters/thumbnails/HDMI-14_thumbnail.jpg","assets/images/products/hardware/adapters/hdmi-14.jpg","","","","","","","","","0","0","0","hdmi-splitter-1-in4-out.html",""
"PT-XD","Indoor/Outdoor Junction Box (Turret)","","45.00","0.00","0","assets/images/products/hardware/mounts/thumbnails/junction xd_thumbnail.png","assets/images/products/hardware/mounts/junction xd.png","","","","","","","","","0","0","0","indooroutdoor-junction-box-turret.html",""
"PT-WML-S","Wall Mount with Pendant Cap (Turret)","Hardware/Mounts","75.00","0.00","0","assets/images/products/hardware/mounts/thumbnails/PT-WML-S_thumbnail.jpg","assets/images/products/hardware/mounts/pt-wml-s.jpg","","","","","","","","","0","0","0","wall-mount-with-pendant-cap-turret.html",""
"PT-CPM","Ceiling Pendant Mount (Dome/Turret)","","125.00","0.00","0","assets/images/products/cameras/hd-ptz/thumbnails/cpm_thumbnail.jpg","assets/images/products/cameras/hd-ptz/cpm.jpg","","","","","","","","","0","0","0","ceiling-pendant-mount-dometurret.html",""
"PT-130T","Pendant Cap Mount (Turret)","Hardware/Mounts","45.00","0.00","0","assets/images/products/hardware/mounts/thumbnails/PT-PC130T_thumbnail.jpg","assets/images/products/hardware/mounts/pt-pc130t.jpg","","","","","","","","","0","0","0","pendant-cap-mount-turret.html",""
"PT-CM","Corner Mount Bracket (Dome/Turret)","","65.00","0.00","0","assets/images/products/hardware/mounts/thumbnails/PT-CM_thumbnail.jpg","assets/images/products/hardware/mounts/pt-cm.jpg","","","","","","","","","0","0","0","corner-mount-bracket-dometurret.html",""
"PT-CMP","Corner Mount Bracket (PTZ)","Hardware/Mounts","55.00","0.00","0","assets/images/products/hardware/mounts/thumbnails/PT-CMP_thumbnail.jpg","assets/images/products/hardware/mounts/pt-cmp.jpg","","","","","","","","","0","0","0","corner-mount-bracket-ptz.html",""
"PT-WMP-L","Wall Mount Bracket (PTZ)","Hardware/Mounts","75.00","0.00","0","assets/images/products/hardware/mounts/thumbnails/pt-wmp-l_thumbnail.png","assets/images/products/hardware/mounts/pt-wmp-l.png","","","","","","","","","0","0","0","wall-mount-bracket-ptz.html",""
"PT-1691JZ-L","Pendant Mount (PTZ)","Hardware/Mounts","75.00","0.00","0","assets/images/products/hardware/mounts/thumbnails/pt-1691jz-l_thumbnail.png","assets/images/products/hardware/mounts/pt-1691jz-l.png","","","","","","","","","0","0","0","pendant-mount-ptz.html",""
"PT-PM","Pole Mount Bracket (Turret)","Hardware/Mounts","65.00","0.00","0","assets/images/products/hardware/mounts/thumbnails/PT-PM_thumbnail.jpg","assets/images/products/hardware/mounts/pt-pm.jpg","","","","","","","","","0","0","0","pole-mount-bracket-turret.html",""
"PT-GSCBM","Indoor/Outdoor Junction Box (NDAA HD-8219 Turret)","Hardware/Mounts","35.00","0.00","0","assets/images/products/hardware/mounts/thumbnails/PT-GSCBM_thumbnail.jpg","assets/images/products/hardware/mounts/pt-gscbm.jpg","","","","","","","","","0","0","0","indooroutdoor-junction-box-ndaa.html",""
"PT-GS110","Indoor/Outdoor Junction Box (NDAA Dome)","Hardware/Mounts","45.00","0.00","0","assets/images/products/hardware/mounts/thumbnails/PT-GS110_thumbnail.jpg","assets/images/products/hardware/mounts/pt-gs110.jpg","","","","","","","","","0","0","0","",""
"PT-GS135","Indoor/Outdoor Junction Box (NDAA Motorized Dome)","Hardware/Mounts","45.00","0.00","0","","","","","","","","","","","0","0","0","indooroutdoor-junction-box-ndaa-motorized-dome.html",""
"PT-WML-TD-S","Wall Mount Bracket (NDAA)","Hardware/Mounts","45.00","0.00","0","assets/images/products/hardware/mounts/thumbnails/pt-wml-td-s_thumbnail.png","assets/images/products/hardware/mounts/pt-wml-td-s.png","","","","","","","","","0","0","0","wall-mount-bracket-ndaa-dome.html",""
"PT-WML-TD","Wall Mount Bracket & Junction Box (NDAA)","Hardware/Mounts","65.00","0.00","0","assets/images/products/hardware/mounts/thumbnails/pt-wml-td_thumbnail.png","assets/images/products/hardware/mounts/pt-wml-td.png","","","","","","","","","0","0","0","wall-mount-bracket-junction-box-ndaa-dome.html",""
"PT-WML-VDZ-S","Wall Mount Bracket (NDAA Zoom)","Hardware/Mounts","45.00","0.00","0","assets/images/products/hardware/mounts/thumbnails/pt-wml-vdz-s_thumbnail.png","assets/images/products/hardware/mounts/pt-wml-vdz-s.png","","","","","","","","","0","0","0","indooroutdoor-junction-box-ndaa-zoom.html",""
"PT-WML-VDZ","Wall Mount Bracket & Junction Box (NDAA Zoom)","Hardware/Mounts","65.00","0.00","0","assets/images/products/hardware/mounts/thumbnails/pt-wml-vdz_thumbnail.png","assets/images/products/hardware/mounts/pt-wml-vdz.png","","","","","","","","","0","0","0","wall-mount-junction-box-ndaa-zoom.html",""
"PT-1294ZJ-PT","Wall Mount Bracket (Mini PTZ)","Hardware/Mounts","65.00","0.00","0","assets/images/products/hardware/mounts/thumbnails/PT-1294ZJ-PT_thumbnail.jpg","assets/images/products/hardware/mounts/pt-1294zj-pt.jpg","","","","","","","","","0","0","0","wall-mount-bracket-mini-ptz.html",""
"PT-1280ZJ-SD11","Junction Box (PTZ)","Hardware/Mounts","65.00","0.00","0","","","","","","","","","","","0","0","0","junction-box-ptz.html",""
"PT-RPM","Parapet Mount Bracket (PTZ)","Hardware/Mounts","140.00","0.00","0","assets/images/products/hardware/mounts/thumbnails/pt-rpm_thumbnail.png","assets/images/products/hardware/mounts/pt-rpm.png","","","","","","","","","0","0","0","parapet-mount-bracket-ptz.html",""
"PT-CPM-L","Ceiling Pendant Mount (PTZ)","Hardware/Mounts","65.00","0.00","0","assets/images/products/hardware/mounts/thumbnails/PT-CPM-L_thumbnail.jpg","assets/images/products/hardware/mounts/pt-cpm-l.jpg","","","","","","","","","0","0","0","ceiling-pendant-mount-ptz.html",""
"PT-PMP","Pole Mount Bracket (PTZ)","Hardware/Mounts","65.00","0.00","0","assets/images/products/hardware/mounts/thumbnails/PT-PMP_thumbnail.jpg","assets/images/products/hardware/mounts/pt-pmp.jpg","","","","","","","","","0","0","0","pole-mount-bracket-ptz.html",""
"PT-PM-BU","Pole Mount Bracket (LPR)","Hardware/Mounts","65.00","0.00","0","assets/images/products/hardware/mounts/thumbnails/PT-PM-BU_thumbnail.jpg","assets/images/products/hardware/mounts/pt-pm-bu.jpg","","","","","","","","","0","0","0","pole-mount-bracket-lpr.html",""
"TVI-HDMI","HD-TVI to HDMI Video Converter","Accessories/Hardware","94.95","0.00","0","assets/images/products/hardware/adapters/thumbnails/TVI-HDMI_thumbnail.jpg","assets/images/products/hardware/adapters/tvi-hdmi.jpg","","","","","","","","","0","0","0","hd-tvi-to-hdmi-video-converter.html",""
"PWR12-Squid","12 VDC Power Adapter and Squid Connector for up to 8 Analog and HD-TVI Cameras","Accessories/Power Supplies","34.95","34.95","0","assets/images/products/accessories/power/thumbnails/12V-Squid-1_thumbnail.jpg","assets/images/products/accessories/power/12v-squid-1.jpg","assets/images/products/accessories/power/12v-squid-2.jpg","assets/images/products/accessories/power/12v-squid-3.jpg","assets/images/products/accessories/power/12v-squid-4.jpg","","","","","","0","0","1","12v-squid-camera-power-supply",""
"0","PHONE CUSTOM PRODUCT","","0.00","0.00","0","","","","","","","","","","","0","0","0","",""
"M2-OS","M.2 OS Boot Drive","Accessories/Server Components","95.00","0.00","0","assets/images/products/server components/thumbnails/M2-OS_thumbnail.jpg","assets/images/products/server components/m2-os.jpg","","","","","","","","","0","0","0","m2-os-boot-drive.html",""
"USB-NIC","USB 3.0 to 10/100/1000 Gigabit Ethernet Internet Adapter","Accessories/Server Components","35.95","0.00","0","assets/images/products/server components/thumbnails/USB-NIC_thumbnail.jpg","assets/images/products/server components/usb-nic.jpg","","","","","","","","","0","0","0","usb-30-to-101001000-gigabit-ethernet-internet-adapter.html",""
"HDMI-3","HDMI Cable - 3ft","Accessories/Cables","24.95","0.00","0","assets/images/products/cables/thumbnails/HDMI_thumbnail.jpg","assets/images/products/cables/hdmi.jpg","","","","","","","","","0","0","0","hdmi-cable--3ft.html",""
"HDMI-6","HDMI Cable - 6ft","Accessories/Cables","35.95","0.00","0","assets/images/products/cables/thumbnails/thumbnails/HDMI_thumbnail.jpg","assets/images/products/cables/thumbnails/hdmi_thumbnail.jpg","","","","","","","","","0","0","0","hdmi-cable--6ft.html",""
"HDMI-10","HDMI Cable - 10ft","Accessories/Cables","59.95","0.00","0","assets/images/products/cables/thumbnails/thumbnails/thumbnails/HDMI_thumbnail.jpg","assets/images/products/cables/thumbnails/thumbnails/hdmi_thumbnail.jpg","","","","","","","","","0","0","0","hdmi-cable-10ft.html",""
"HDMI-15","HDMI Cable - 15ft","Accessories/Cables","89.95","0.00","0","assets/images/products/cables/thumbnails/thumbnails/thumbnails/thumbnails/HDMI_thumbnail.jpg","assets/images/products/cables/thumbnails/thumbnails/thumbnails/hdmi_thumbnail.jpg","","","","","","","","","0","0","0","hdmi-cable--15ft.html",""
"HDMI-25","HDMI Cable - 25ft","Accessories/Cables","99.95","0.00","0","assets/images/products/cables/thumbnails/thumbnails/thumbnails/thumbnails/thumbnails/HDMI_thumbnail.jpg","assets/images/products/cables/thumbnails/thumbnails/thumbnails/thumbnails/hdmi_thumbnail.jpg","","","","","1","","","","0","0","0","hdmi-cable--25ft.html",""
"HDMI-35","HDMI Cable - 35ft","Accessories/Cables","115.95","0.00","0","assets/images/products/cables/thumbnails/thumbnails/thumbnails/thumbnails/thumbnails/thumbnails/HDMI_thumbnail.jpg","assets/images/products/cables/thumbnails/thumbnails/thumbnails/thumbnails/thumbnails/hdmi_thumbnail.jpg","","","","","1","","","","0","0","0","hdmi--35ft.html",""
"HDMI-50","HDMI Cable - 50ft","","125.95","0.00","0","assets/images/products/cables/thumbnails/thumbnails/HDMI_thumbnail.jpg","assets/images/products/cables/thumbnails/hdmi_thumbnail.jpg","","","","","1","","","","0","0","0","hdmi-cable--50ft.html",""
"USB-CAT5","USB 3.0 to CAT5 Adapter","Accessories/Cables","24.95","0.00","0","assets/images/products/cables/thumbnails/USB-CAT5_thumbnail.jpg","assets/images/products/cables/usb-cat5.jpg","","","","","","","","","0","0","0","usb-30-to-cat5-adapter.html",""
"SD-256","256GB MicroSD Card for Backup - Edge Recording","Accessories/Hardware","66.00","0.00","0","assets/images/products/hardware/thumbnails/SD-256_thumbnail.jpg","assets/images/products/hardware/sd-256.jpg","","","","","","","","","0","0","0","256gb-microsd-card-for-backup--edge-recording.html",""
"AVM-Software","AVM IP Camera NVR Software ","","400.00","200.00","0","assets/images/products/cards/netstationdvr/netstationdvr_thumbnail.jpg","assets/images/products/cards/netstationdvr/netstationdvr.jpg","","","","","","","","","0","1","0","avm-nvr-software",""
"HD-LPR-LR","Long Range 2K Resolution Electronic Zoom Camera with DeepinView Technology","Cameras/HD IP Cameras@Cameras/SMART HD IP Cameras@Cameras/LPR & ANPR Cameras","950.00","950.00","0","assets/images/Products/Cameras/HD-LPR/HD-LPR-1-thumb.jpg","assets/images/Products/Cameras/HD-LPR/HD-LPR-1.jpg","assets/images/Products/Cameras/HD-LPR/HD-LPR-2.jpg","assets/images/Products/Cameras/HD-LPR/HD-LPR-3.jpg","assets/images/Products/Cameras/HD-LPR/HD-LPR-4.jpg","","","","","","0","0","0","hd-lpr-lr-long-range-camera",""
"CAT6e","CAT-6e Riser (CMR) Solid Copper Cable for Data and PoE - White","Accessories/Cables","245.95","245.95","0","assets/images/products/accessories/cat5e/thumbnails/cat-5e_cable_white_thumbnail.jpg","assets/images/products/accessories/cat5e/cat-5e_cable_white.jpg","assets/images/products/accessories/cat5e/cat-5e_cable-box.jpg","","","","","","","","0","0","0","",""
"PoE48-M","48-Port Gigabit PoE+ Managed Switch for IP Cameras (48 ports PoE+, 600W Power budget, 256Gbps Switching)","Accessories/PoE Switches","695.95","0.00","0","assets/images/products/poe switches/thumbnails/POE48M_thumbnail.jpg","assets/images/products/poe switches/poe48m.jpg","","","","","","40","","","0","0","0","48-port-gigabit-poe-managed-switch-for-ip-cameras-48-ports-poe-600w-power-budget-256gbps-switching.html",""
"PT-UB-AM","PTP/PTMP Antenna Mount - Universal","Hardware/Mounts","29.95","0.00","0","","","","","","","","","","","0","0","0","ptpptmp-antenna-mount--universal.html",""
"LABOR-LVL1","Labor (LVL 1) - Mostly Indoor w/ Drop Ceilings","Labor/LABOR-STD","150.00","150.00","0","","","","","","","","","","","0","1","1","",""
"LABOR-LVL2","Labor (LVL 2) - Mix Indoor/Outdoor w/ Drop Ceilings and Low Warehouse (up to 15')","Labor/LABOR-STD","200.00","200.00","0","","","","","","","","","","","0","1","1","",""
"LABOR-LVL3","Labor (LVL 3) - Warehouse or Mostly Outdoor Runs - Complex","Labor/LABOR-STD","250.00","250.00","0","","","","","","","","","","","0","1","1","",""
"LABOR-LVL4","Labor (LVL 4) - Large Facilities - Intricate Runs","Labor/LABOR-STD","325.00","325.00","0","","","","","","","","","","","0","1","1","",""
"LABOR-LVL5","Labor (LVL 5) - See Notes","Labor/LABOR-STD","425.00","425.00","0","","","","","","","","","","","0","1","1","",""
"PT-CBM","Indoor/Outdoor Junction Box (Turret)","Hardware/Mounts","45.00","0.00","0","assets/images/products/hardware/mounts/thumbnails/PT-CBM_thumbnail.jpg","assets/images/products/hardware/mounts/pt-cbm.jpg","","","","","","","","","0","0","0","",""
"LABOR-SUB-LVL1","Labor (LVL 1) Sub - Mostly Indoor w/ Drop Ceilings","Labor/LABOR-SUB","200.00","200.00","0","","","","","","","","","","","0","1","1","",""
"LABOR-SUB-LVL2","Labor (LVL 2) - Sub Mix Indoor/Outdoor w/ Drop Ceilings and Low Warehouse (up to 15')","Labor/LABOR-SUB","300.00","300.00","0","","","","","","","","","","","0","1","1","",""
"LABOR-SUB-LVL3","Labor (LVL 3) - SUB Warehouse or Mostly Outdoor Runs - Complex","Labor/LABOR-SUB","350.00","350.00","0","","","","","","","","","","","0","1","1","",""
"LABOR-SUB-LVL4","Labor (LVL 4) - SUB Large Facilities - Intricate Runs","Labor/LABOR-SUB","385.00","385.00","0","","","","","","","","","","","0","1","1","",""
"LABOR-PW-LVL1","Labor (LVL 1 w/PW) - Mostly Indoor w/ Drop Ceilings","Labor/LABOR-PW","300.00","300.00","0","","","","","","","","","","","0","1","1","",""
"LABOR-PW-LVL2","Labor (LVL 2 w/PW) - Mix Indoor/Outdoor w/ Drop Ceilings and Low Warehouse (up to 15') (COPY)","Labor/LABOR-PW","400.00","400.00","0","","","","","","","","","","","0","1","1","",""
"LABOR-PW-LVL3","Labor (LVL 3 w/PW) - Warehouse or Mostly Outdoor Runs - Complex","Labor/LABOR-PW","500.00","500.00","0","","","","","","","","","","","0","1","1","",""
"LABOR-PW-LVL4","Labor (LVL 4 w/PW) - Large Facilities - Intricate Runs","Labor/LABOR-PW","585.00","585.00","0","","","","","","","","","","","0","1","1","",""
"LABOR-NONE","LABOR - No Installation Labor","Labor/LABOR-STD","0.00","0.00","0","","","","","","","","","","","0","1","1","",""
"Hardware-LVL2","Hardware (LVL 2) for Camera Installation","Hardware","18.50","18.50","0","","","","","","","","","","","0","0","0","",""
"Hardware-LVL3","Hardware (LVL 3) for Camera Installation","Hardware","24.50","24.50","0","","","","","","","","","","","0","0","0","",""
"Hardware-LVL4","Hardware (LVL 4) for Camera Installation","Hardware","32.50","32.50","0","","","","","","","","","","","0","0","0","",""
"CAT5e-in","CAT-5e Riser (CMR) for Camera Installation","Hardware/Cabling","43.50","43.50","0","assets/images/products/accessories/cat5e/thumbnails/cat-5e_cable_white_thumbnail.jpg","assets/images/products/accessories/cat5e/cat-5e_cable_white.jpg","","","","","","","","","0","0","0","",""
"PT-CB135","Junction Box (A.I. & 2-Way Audio Turret)","Hardware/Mounts","35.00","0.00","0","assets/images/products/hardware/mounts/thumbnails/pt-cb135_thumbnail.png","assets/images/products/hardware/mounts/pt-cb135.png","","","","","","","","","0","0","0","junction-box-ai-2-way-audio-turret.html",""
"CAT5e-CMP-in","CAT-5e Plenum (CMP) Solid Copper Cable for Installation","Hardware/Cabling","68.70","68.70","0","assets/images/products/accessories/cat5e/thumbnails/cat-5e-cmp-blue_thumbnail.jpg","assets/images/products/accessories/cat5e/cat-5e-cmp-blue.jpg","assets/images/products/accessories/cat5e/cat-5e_cable-box.jpg","","","","","","","","0","1","0","",""
"CAT5e-CMX-in","CAT-5e Outdoor (CMX) UV Jacket Solid Copper Cable for installation","Hardware/Cabling","61.80","61.80","0","assets/images/products/accessories/cat5e/thumbnails/cat-5e-cmx-cable-black_thumbnail.jpg","assets/images/products/accessories/cat5e/cat-5e-cmx-cable-black.jpg","assets/images/products/accessories/cat5e/cat-5e-cmx-cable-interior.jpg","","","","","","","","0","1","0","",""
"CAT6e-in","CAT-6e Riser (CMR) Solid Copper Cable for installation","Hardware/Cabling","56.70","56.70","0","assets/images/products/accessories/cat5e/thumbnails/cat-5e_cable_white_thumbnail.jpg","assets/images/products/accessories/cat5e/cat-5e_cable_white.jpg","","","","","","","","","0","0","0","",""
"CAT6e-CMP-in","CAT-6e Plenum (CMP) Solid Copper Cable for installation","Hardware/Cabling","95.40","95.40","0","assets/images/products/accessories/cat5e/thumbnails/CAT-5e-CMP-Blue_thumbnail.jpg","assets/images/products/accessories/cat5e/cat-5e-cmp-blue.jpg","","","","","","","","","0","0","0","",""
"FPM-32","Flat Panel Monitor Mounting Bracket 19""-32""","Special/Displays@Hardware/Mounts","24.95","0.00","0","assets/images/products/special/displays/thumbnails/FPM-32_thumbnail.jpg","assets/images/products/special/displays/fpm-32.jpg","","","","","","","","","0","0","0","flat-panel-monitor-mounting-bracket-19-32.html",""
"CAT5-HDMI","HDMI Extender By Single CAT5e Adapter","Accessories/Hardware@Hardware/Adapters@Hardware/Extenders","89.95","0.00","0","assets/images/products/hardware/adapters/thumbnails/CAT5-HDMI_thumbnail.jpg","assets/images/products/hardware/adapters/cat5-hdmi.jpg","","","","","1","","","","0","0","0","hdmi-extender-by-single-cat-5e-adapter.html",""
"POE-EXT-WP","PoE+ Extender - Weatherproof ","Hardware/Extenders","195.00","0.00","0","assets/images/products/hardware/extenders/thumbnails/POE-EXT-WP_thumbnail.jpg","assets/images/products/hardware/extenders/poe-ext-wp.jpg","","","","","","","","","0","0","0","poe-extender--weatherproof-.html",""
"POE-EXT","PoE+ Extender - Indoor","Hardware/Extenders","149.95","0.00","0","assets/images/products/hardware/extenders/thumbnails/POE-EXT_thumbnail.jpg","assets/images/products/hardware/extenders/poe-ext.jpg","","","","","","","","","0","0","0","poe-extender--indoor.html",""
"CAT5-USB","USB Extender over CAT5E","Hardware/Extenders@Special/USBs - HDMIs","24.95","0.00","0","assets/images/products/hardware/extenders/thumbnails/CAT5-USB_thumbnail.jpg","assets/images/products/hardware/extenders/cat5-usb.jpg","","","","","","","","","0","0","0","usb-extender-over-cat5e.html",""
"COAX-POE","POE Over Coax Converter","Hardware/Extenders@Hardware/Adapters","129.95","0.00","0","assets/images/products/hardware/extenders/thumbnails/COAX-POE_thumbnail.jpg","assets/images/products/hardware/extenders/coax-poe.jpg","","","","","","","","","0","0","0","poe-over-coax-converter.html",""
"BNC-VGA","BNC to VGA Video Converter","Hardware/Adapters","29.95","0.00","0","assets/images/products/hardware/adapters/thumbnails/BNC-VGA_thumbnail.jpg","assets/images/products/hardware/adapters/bnc-vga.jpg","","","","","","","","","0","0","0","bnc-to-vga-video-converter.html",""
"HDMI-12","HDMI Splitter 1-In/2-Out","Hardware/Adapters","49.95","0.00","0","assets/images/products/hardware/adapters/thumbnails/HDMI-12_thumbnail.jpg","assets/images/products/hardware/adapters/hdmi-12.jpg","","","","","","","","","0","0","0","hdmi-splitter-1-in-2-out.html",""
"LIFT-19S","Manlift, 19ft. Scissor","Special/Lift Rental","295.00","0.00","0","assets/images/products/special/lifts/thumbnails/LIFT-19S_thumbnail.jpg","assets/images/products/special/lifts/lift-19s.jpg","","","","","","","","","0","0","0","manlift-19ft-scissor--daily.html",""
"LIFT-26S","Manlift, 26ft. Scissor","Special/Lift Rental","295.00","0.00","0","assets/images/products/special/lifts/thumbnails/LIFT-26S_thumbnail.jpg","assets/images/products/special/lifts/lift-26s.jpg","","","","","","","","","0","0","0","manlift-26ft-scissor--daily.html",""
"DELETE","DELETE","","0.00","0.00","0","","","","","","","","","","","0","0","0","",""
"LIFT-32S","Manlift, 32ft. Scissor","Special/Lift Rental","295.00","0.00","0","assets/images/products/special/lifts/thumbnails/LIFT-32S_thumbnail.jpg","assets/images/products/special/lifts/lift-32s.jpg","","","","","","","","","0","0","0","manlift-32ft-scissor--daily.html",""
"LIFT-40S","Manlift, 40ft. Scissor","Special/Lift Rental","295.00","0.00","0","assets/images/products/special/lifts/thumbnails/LIFT-40S_thumbnail.jpg","assets/images/products/special/lifts/lift-40s.jpg","","","","","","","","","0","0","0","manlift-40ft-scissor--daily.html",""
"LIFT-34B","Manlift, 34ft. Boom","Special/Lift Rental","425.00","0.00","0","assets/images/products/special/lifts/thumbnails/LIFT-34B_thumbnail.jpg","assets/images/products/special/lifts/lift-34b.jpg","","","","","","","","","0","0","0","manlift-34ft-boom--daily.html",""
"LIFT-50B","Manlift, 50ft. Boom","Special/Lift Rental","525.00","0.00","0","assets/images/products/special/lifts/thumbnails/LIFT-50B_thumbnail.jpg","assets/images/products/special/lifts/lift-50b.jpg","","","","","","","","","0","0","0","manlift-50ft-boom--daily.html",""
"PSU-SQD","CCTV Power Supply Squid - 12V/5A","Accessories/Power Supplies","25.95","0.00","0","","","","","","","","","","","0","0","0","cctv-power-supply-squid--12v5a.html",""
"CAT6e-CMX-in","CAT-6e Outdoor (CMX) UV Jacket Solid Copper Cable for installation","Hardware/Cabling","81.60","81.60","0","assets/images/products/accessories/cat5e/thumbnails/cat-5e-cmx-cable-black_thumbnail.jpg","assets/images/products/accessories/cat5e/cat-5e-cmx-cable-black.jpg","","","","","","","","","0","1","0","",""
"CAT6e-Shield-in","CAT-6e Shielded Solid Copper Cable for installation","Hardware/Cabling","172.20","172.20","0","assets/images/products/accessories/cat5e/thumbnails/cat-5e-cmx-cable-black_thumbnail.jpg","assets/images/products/accessories/cat5e/cat-5e-cmx-cable-black.jpg","","","","","","","","","0","1","0","",""
"PT-GS110","Indoor/Outdoor Junction Box (NDAA 2K/4K Turret)","Hardware/Mounts","45.00","0.00","0","","","","","","","","","","","0","0","0","indooroutdoor-junction-box-ndaa-2k4k-turret.html",""
"PSU-ATX-M","Power Supply - Micro ATX","Accessories/Power Supplies","79.99","0.00","0","assets/images/products/power supplies/thumbnails/PSU-ATX-M_thumbnail.jpg","assets/images/products/power supplies/psu-atx-m.jpg","","","","","","","","","0","0","0","power-supply--micro-atx.html",""
"PSU-ATX","Power Supply - ATX","Accessories/Power Supplies","97.49","0.00","0","assets/images/products/power supplies/thumbnails/psu-atx_thumbnail.png","assets/images/products/power supplies/psu-atx.png","","","","","","","","","0","0","0","power-supply--atx.html",""
"SW-5G","5-Port Gigabit Ethernet Switch - Unmanaged","Accessories/PoE Switches","45.95","0.00","0","assets/images/products/poe switches/thumbnails/PoE5_thumbnail.jpg","assets/images/products/poe switches/poe5.jpg","","","","","","","","","0","0","0","5-port-gigabit-unmanaged-ethernet-switch.html",""
"LCD-M","22"" LCD Monitor with HDMI & VGA Inputs","Special/Displays","169.99","0.00","0","assets/images/products/special/displays/thumbnails/LCD-M_thumbnail.jpg","assets/images/products/special/displays/lcd-m.jpg","","","","","","","","","0","0","0","22-lcd-monitor.html",""
"KM","Wireless Keyboard & Mouse","Accessories/Hardware","39.99","0.00","0","assets/images/products/hardware/thumbnails/KM_thumbnail.jpg","assets/images/products/hardware/km.jpg","","","","","","","","","0","0","0","wireless-keyboard-mouse.html",""
"SVC-PAH-Year","Platinum Protection Service Plan ProActive System Health Monitoring (per NVR per year) ","Labor/Service Contracts","1800.00","1800.00","0","","","","","","","","","","","0","1","0","",""
"SVC-EDGE","Labor to Configure Initial EDGE Recording (Per Camera)","Labor/Special Labor","155.00","155.00","0","","","","","","","","","","","0","0","0","",""
"18-2in","18/2 Power Cable for Edge Power or Alarm Installations","Hardware/Cabling","43.50","43.50","0","assets/images/products/accessories/cat5e/thumbnails/cat-5e_cable_white_thumbnail.jpg","assets/images/products/accessories/cat5e/cat-5e_cable_white.jpg","","","","","1","","","","0","0","0","",""
"AVR-RACK","Rack-Mount UPS Battery Backup with AVR for Security Cameras","Accessories/Battery Backups","389.95","0.00","0","","","","","","","","","","","0","0","0","rack-mount-ups-battery-backup-with-avr-for-security-cameras.html",""
"AN-ADDIPs","Add IP Licenses to AVM Analog and HD-SDI Systems","DVRs & NVRs/NVR Recorders (IP Cameras)","400.00","400.00","0","assets/images/products/cards/netstationdvr/netstationdvr_thumbnail.jpg","assets/images/products/cards/netstationdvr/netstationdvr.jpg","","","","","","","","","0","1","0","an-add-ips-avm",""
